specimen_id,C_temporal_AB,C_temporal_BA,long_short_gain_AB,long_short_gain_BA,long_short_gain_mean
313860745,25,25,0.028390347957610973,0.005118846893310436,0.016754597425460704
313861608,10,10,-0.01746404170989979,-0.030361831188201793,-0.023912936449050792
313861677,10,10,0.0012058019638062,-0.003607988357544001,-0.0012010931968689004
313861794,10,10,0.005227863788604625,-0.0025878548622131348,0.0013200044631957453
313861828,10,50,0.0003900527954099342,0.03273195028305065,0.01656100153923029
313862134,50,10,-0.0046773552894592285,-0.09380805492401112,-0.049242705106735174
313862167,10,10,0.00048184394836436883,0.00010102987289439813,0.0002914369106293835
313862274,25,100,0.007494390010833518,0.0034079551696777344,0.005451172590255626
314529406,10,10,-0.022214472293853982,-0.0004169940948485218,-0.011315733194351252
314617802,50,10,-0.03767341375350952,0.01219952106475819,-0.012736946344375666
314642645,25,10,0.013378202915191761,-0.018036961555480846,-0.0023293793201445423
314800921,10,10,0.0104701519012451,0.0056089162826539005,0.008039534091949501
314822529,10,10,-0.0055145025253296,-0.020394027233123602,-0.012954264879226601
314900022,10,10,0.0030173659324643776,-0.011781275272369385,-0.004381954669952504
318556138,50,25,-0.017459750175476074,-0.03826582431793213,-0.0278627872467041
318733871,25,10,0.007004439830780029,0.004359841346740834,0.0056821405887604315
318808427,10,10,0.002420186996459961,0.01335090398788441,0.007885545492172186
320207387,10,10,2.288818359375e-05,-0.0011493563652038002,-0.0005632340908050251
320455763,10,10,-0.052395880222320446,-0.03456425666809082,-0.04348006844520563
320639930,10,25,-0.013678848743438832,0.015101790428161621,0.0007114708423613947
320668841,10,10,-0.0005432367324827991,0.0053737759590147816,0.002415269613265991
320836481,50,25,0.019420623779296986,0.019712507724761963,0.019566565752029474
321707905,10,10,-0.0022932887077330433,-0.022473692893981823,-0.012383490800857433
321893798,10,10,0.009035646915435569,-0.0003249049186706543,0.004355370998382457
321923492,25,25,-0.023867547512054332,0.017312169075012207,-0.0032776892185210627
322197160,10,10,-0.0062351226806641,0.000649333000183,-0.00279289484024055
322197295,25,25,0.04375201463699363,0.008353054523468018,0.026052534580230824
322229594,10,10,0.014019966125488392,0.000978410243987926,0.007499188184738159
322246422,10,10,-0.01745063066482533,-0.021048367023468018,-0.019249498844146673
322297406,10,10,-0.003989517688751221,-0.006904423236846813,-0.005446970462799017
322723785,10,10,-0.009157657623291016,0.0104086995124818,0.0006255209445953924
322761772,10,10,-0.0007578134536744274,0.012979924678802601,0.006111055612564087
322762730,100,100,0.017280757427215687,0.029286742210388073,0.02328374981880188
322781822,100,10,0.029276490211486816,0.01777535676956188,0.023525923490524348
323452245,10,10,0.0006343126296997001,-0.0013431310653685,-0.0003544092178343999
323777372,200,10,0.04154372215270996,-0.04410529136657715,-0.0012807846069335938
323834998,50,50,0.036472976207733154,-0.022266149520874023,0.007103413343429565
323838579,50,10,0.008936285972595215,-0.08958357572555531,-0.04032364487648005
324025297,10,10,-0.006972789764404408,0.0025614500045776367,-0.0022056698799133856
324025371,10,10,-0.022279024124145397,0.007263958454132191,-0.007507532835006603
324032509,10,10,-0.007678270339965598,0.013368487358093373,0.0028451085090638872
324053519,10,10,-0.0020453929901123047,0.004380226135253795,0.0011674165725707453
324065524,10,100,-0.07780665159225464,0.007507741451263428,-0.035149455070495605
324266189,50,10,0.01968955993652355,-0.018225789070129395,0.000731885433197077
324466858,10,10,-0.0356845259666444,-0.0483909249305724,-0.0420377254486084
324493977,10,10,-0.004252433776855469,-0.011287868022918812,-0.0077701508998871405
325464516,10,10,-0.013058781623840221,-0.039074063301086426,-0.026066422462463323
325480372,10,10,-0.03397756814956643,-0.019191622734069935,-0.026584595441818182
325853048,50,50,-0.0003566741943359375,-0.015332460403442383,-0.00784456729888916
325919795,25,10,0.013741552829742543,-0.012955188751220592,0.0003931820392609753
326734770,50,10,-0.018220663070678822,-0.006559789180755615,-0.012390226125717219
326774520,10,50,-0.006623029708862194,0.020870566368103027,0.007123768329620417
327566447,10,10,-0.017485260963439896,-0.016234278678894,-0.01685976982116695
327644217,10,10,-0.02060401439666748,-0.009029150009155384,-0.014816582202911432
327648537,10,25,0.002130448818206787,0.037647545337677,0.019888997077941895
327679841,25,10,0.01974678039550777,-0.0038994550704955,0.007923662662506135
327706437,10,10,-0.020449280738830677,-0.008833527565002441,-0.01464140415191656
327962063,100,10,0.03215843439102162,-0.0019087791442869984,0.01512482762336731
328015342,10,10,-0.00040602684020996094,-0.025998711585998535,-0.013202369213104248
328031983,25,10,0.004660844802856445,-0.0089377760887146,-0.002138465642929077
328093618,10,10,-0.0394928455352783,0.0020934343338012,-0.01869970560073855
328535908,10,10,-0.012389004230499157,-0.013084232807159535,-0.012736618518829346
328549885,50,10,0.021316945552825928,-0.03455287218093883,-0.006617963314056452
328876201,10,200,-0.03574395179748524,0.04333853721618652,0.0037972927093506414
329224678,10,10,-0.04479795694351196,-0.012849152088165394,-0.02882355451583868
329241587,10,10,-0.003131985664367787,-0.008284270763397217,-0.005708128213882502
329254830,10,10,0.003915131092071644,-0.0022571682929991566,0.0008289813995362438
329550277,10,10,-0.0019340515136717937,0.0005505084991455,-0.0006917715072631468
329557305,10,10,-0.0013519525527956322,-0.005215525627136008,-0.0032837390899658203
330080937,10,10,0.0142407417297363,0.014380991458892801,0.014310866594314551
333785935,10,10,0.00615394115448,-0.0027934312820434995,0.0016802549362182504
336676216,10,10,-0.010630011558532604,-0.015087783336639404,-0.012858897447586004
341016267,10,10,-0.02129483222961448,-0.006776273250579834,-0.014035552740097157
341442651,10,10,-0.004611074924468772,-0.009117484092712402,-0.006864279508590587
341459814,10,10,-0.022333085536956787,-0.014570832252502441,-0.018451958894729614
354190013,10,25,0.0056623220443723365,0.021068692207336426,0.013365507125854381
354833767,10,10,0.013117909431457436,0.0105754137039184,0.011846661567687919
367567889,10,10,-0.0037424564361571546,0.00032061338424680004,-0.0017109215259551772
369697038,10,10,0.008024930953979381,-0.016658008098602406,-0.004316538572311512
370351753,10,10,0.00106322765350364,-0.004985094070434792,-0.001960933208465576
382982932,10,10,-0.010455667972564808,-0.004072010517120361,-0.007263839244842585
386049446,10,25,0.004734754562377819,0.047769248485565186,0.026252001523971502
386970660,25,10,-0.0017198920249940075,-0.01350194215774514,-0.007610917091369573
395785266,10,10,-0.0558031797409057,-0.0325210094451904,-0.044162094593048054
395830185,10,25,-0.0011053085327148438,0.005253434181213379,0.0020740628242492676
396939115,50,10,0.08386379480361938,-0.007537662982940785,0.0381630659103393
396968721,50,10,0.029900848865509033,-0.024961650371551625,0.0024695992469787043
397129612,10,10,0.0065205097198487,-0.0039117336273192,0.00130438804626475
397248752,10,10,-0.0008245706558227539,-0.04289722442626964,-0.021860897541046198
397348126,10,10,-0.0001254081726074002,-0.0033380985260009995,-0.0017317533493041999
397353539,10,10,-0.003769397735595814,-0.004326581954956055,-0.004047989845275934
397354239,10,10,-0.009111225605010986,0.009237289428710826,6.303191184992007e-05
422055317,25,50,0.07645362615585316,0.006357908248901589,0.041405767202377375
422738880,10,10,-0.006662189960479514,-0.0028098225593565784,-0.004736006259918046
464079491,10,10,0.0072165727615357556,0.008004069328308216,0.007610321044921986
464188580,10,10,-0.000694274902343972,-0.005973160266876332,-0.003333717584610152
464191630,10,10,-0.013849198818206787,-0.006469428539276234,-0.01015931367874151
464198958,50,200,-0.05815732479095459,-0.00020933151245117188,-0.02918332815170288
464212183,200,50,-0.0077391862869263806,0.004028201103210338,-0.0018554925918580212
465924786,10,10,0.01633721590042103,-0.009130358695983998,0.003603428602218517
466378900,10,10,-0.00206834077835083,0.0027059316635131836,0.00031879544258117676
466632464,10,10,0.009806334972381592,-0.0034203529357910156,0.003192991018295288
466664172,50,10,0.001642465591430442,-0.025104761123657116,-0.011731147766113337
466827702,25,25,0.0218733549118042,0.0680240392684936,0.0449486970901489
467003163,25,50,-0.029815971851348988,0.06095463037490845,0.01556932926177973
467357834,10,25,-0.0052495598793029785,0.021997809410095215,0.008374124765396118
467703703,25,10,0.016572952270508035,-0.026673078536987527,-0.005050063133239746
467831649,10,10,-0.0023093223571776997,-0.018159389495849602,-0.010234355926513651
468120757,10,25,-0.0050504207611083984,0.027557075023651012,0.011253327131271307
469614747,10,10,-0.026708662509918435,-0.026648223400115967,-0.0266784429550172
469704261,10,10,-0.004925370216369599,-0.00026297569274898907,-0.002594172954559294
469720505,25,10,0.03399020433425903,-0.030762672424316295,0.001613765954971369
469734859,10,10,-0.0070681571960448,-0.0010558366775512999,-0.00406199693679805
469753383,25,100,0.058025896549224854,-0.02293384075164795,0.017546027898788452
469763389,10,10,-0.009918510913848766,0.009736835956573264,-9.083747863775082e-05
469793303,10,10,0.011754035949706955,0.0155473947525024,0.013650715351104677
469800845,25,25,0.027945339679718018,0.015534520149230957,0.021739929914474487
469801569,10,10,-0.016057252883911133,-0.012112438678741566,-0.01408484578132635
469803003,10,10,-0.02226775884628318,-0.03639686107635498,-0.02933230996131908
469803127,10,25,-0.018416225910186768,0.00708913803100597,-0.005663543939590399
469832490,10,25,0.0012053251266479477,0.0216813087463379,0.011443316936492925
469864405,10,10,0.006220638751983754,-0.037377893924713135,-0.01557862758636469
470098860,10,10,-0.0296728014945985,0.002896249294281006,-0.013388276100158747
471087830,10,10,-0.02614074945449818,-0.018250107765197754,-0.022195428609847967
471129934,10,10,0.0039246082305907995,-0.004338622093200699,-0.00020700693130494986
471131311,10,25,-0.03605872392654441,0.013587176799774392,-0.01123577356338501
471141261,50,10,0.019777357578277588,-0.0053040385246275745,0.007236659526825007
471789504,10,10,-0.014014244079589733,-0.013135254383087047,-0.01357474923133839
471800189,10,10,-0.0009907484054565,0.009580850601196199,0.00429505109786985
471819401,10,25,-0.0010331273078918457,0.005797445774078369,0.0023821592330932617
473011949,10,10,0.0016335248947144001,0.007449448108672999,0.0045414865016936996
473020156,10,25,0.0012130141258239746,0.026778042316436657,0.013995528221130316
473564515,10,10,-0.0169130563735962,-0.0121861696243286,-0.014549612998962399
473593847,25,25,-0.014572620391845592,0.03582489490509022,0.010626137256622314
473642382,10,10,0.014972150325775258,0.0007682442665100098,0.007870197296142634
473909767,10,10,-0.008450090885162354,-0.018054485321045033,-0.013252288103103693
473943881,10,10,-0.0194496512413026,0.009136974811553844,-0.005156338214874379
473951795,50,25,0.023840010166168435,-0.0009463429450987659,0.011446833610534835
474267418,10,10,-0.028494238853454368,-0.015347957611083984,-0.021921098232269176
474283475,10,10,-0.010143876075744629,0.0020990371704103783,-0.004022419452667125
474626527,50,10,0.03763687610626221,-0.008547544479370228,0.01454466581344599
474637203,10,10,-0.0011049509048461,0.0021286010742187188,0.0005118250846863094
474652473,10,10,-0.03564167022705078,0.0009540319442750134,-0.017343819141387884
474660482,10,10,0.0159494876861572,-0.038378596305847196,-0.011214554309844998
475057898,10,10,-0.018517374992370605,-0.029801547527313232,-0.02415946125984192
475400072,10,25,0.005943357944488525,0.020588696002960205,0.013266026973724365
475512108,10,10,-0.009472131729126,-9.167194366449999e-05,-0.004781901836395251
475517090,25,50,0.01770162582397483,0.03317892551422119,0.02544027566909801
475542907,25,10,0.0023528337478637,0.0020817518234253016,0.002217292785644501
475580568,10,10,-0.00698477029800415,-0.0353410243988036,-0.021162897348403875
475585413,500,25,0.022870242595672607,0.016607582569122203,0.019738912582397405
475586130,10,10,0.0011856555938721,0.0013948678970337,0.0012902617454529
475619045,10,10,0.0095478296279907,0.012604117393493586,0.011075973510742142
475622680,10,25,-0.016010642051696777,-0.001975893974303977,-0.008993268013000377
475622793,10,10,-0.010396778583526611,-0.017574191093444935,-0.013985484838485773
475625477,10,10,0.0008456707000733532,-0.011007845401763916,-0.005081087350845281
475740357,10,10,-0.013358891010284535,-0.009196698665618785,-0.01127779483795166
475751758,10,25,-0.0005977153778076172,-0.004276633262634388,-0.0024371743202210028
475838754,10,10,-0.004400372505188,7.766485214230157e-05,-0.0021613538265228493
475848827,50,25,0.04111647605895996,0.054522454738617165,0.04781946539878856
475894121,10,10,-0.008672833442688,0.0033744573593139,-0.0026491880416870503
475895240,10,10,0.00375211238861084,0.0027364492416384056,0.0032442808151246227
476048909,10,25,-0.004615664482116699,0.045525670051574596,0.02045500278472895
476053392,10,10,0.0006175041198729999,0.007197380065917899,0.00390744209289545
476054829,10,10,-0.029465556144714355,-0.03243952989578247,-0.030952543020248413
476056333,25,25,0.0006406903266905628,0.0075958967208861194,0.004118293523788341
476093220,10,10,-0.0022985339164734997,-0.05288827419280995,-0.027593404054641724
476099282,10,10,8.7618827818714e-06,0.004683494567871205,0.002346128225326538
476100382,10,10,-0.016163647174835205,-0.002927243709564431,-0.009545445442199818
476104386,10,10,-0.0328171253204346,-0.039400458335876395,-0.0361087918281555
476129135,50,50,0.01590830087661721,-0.017222225666046254,-0.000656962394714522
476131588,25,10,0.042167067527770996,-0.023440897464751975,0.00936308503150951
476178907,10,10,-0.12099099159240734,-0.001193702220916859,-0.0610923469066621
476218657,10,10,0.013258934020995983,-0.07544815540313721,-0.031094610691070612
476263004,10,25,-0.02644270658493031,0.03359180688858032,0.0035745501518250067
476266853,25,25,0.010991573333740234,-0.019843757152557373,-0.004426091909408569
476269122,10,10,-0.00026118755340570003,0.0061511993408202995,0.0029450058937072997
476451456,10,50,0.007367730140686035,0.039098262786865234,0.023232996463775635
476452460,10,10,-0.0011962652206422009,-0.007757067680358998,-0.004476666450500599
476457450,10,10,-0.004616081714630016,-0.013729214668273815,-0.009172648191451915
476557750,10,10,0.01553851366043102,-0.0011461377143859863,0.0071961879730225164
476562817,10,10,-0.07381129264831532,-0.019496262073516957,-0.04665377736091614
476615310,25,25,0.029513657093047985,0.009145319461822399,0.01932948827743519
476686112,10,10,-0.006593644618988037,-0.00444149971008323,-0.0055175721645356335
476751360,10,25,0.007651209831237799,0.006908416748046901,0.00727981328964235
476753465,10,10,-0.0010521411895751953,-0.009270191192627064,-0.00516116619110113
476764144,10,10,-0.009656906127929576,-0.019373595714569203,-0.01451525092124939
476823462,25,10,0.042779803276062,-0.004474401473998999,0.0191527009010315
477127614,25,10,0.027643263339996338,-0.04066675901412964,-0.00651174783706665
477135941,10,10,-0.013587176799773948,-0.009742021560668945,-0.011664599180221447
477490421,10,10,-0.02429896593093883,-0.019682466983795166,-0.021990716457367
477879512,10,10,0.016996920108795166,-0.023363590240478405,-0.0031833350658416193
477880128,10,10,-0.003918886184692383,-0.008520126342773438,-0.00621950626373291
477991293,50,10,-0.017108917236328236,-0.028832495212555043,-0.02297070622444164
478058328,10,10,-0.024190843105316273,-0.018605172634124756,-0.021398007869720514
478107198,50,50,0.04082697629928589,-0.00881737470626831,0.01600480079650879
478110866,10,10,0.00802278518676769,-0.0050678253173828125,0.0014774799346924383
478111731,10,10,-0.0248854160308839,-0.015676498413085938,-0.02028095722198492
478396248,10,25,0.007748901844024769,0.010608851909637562,0.009178876876831166
478412623,10,25,-0.0067432522773741566,0.01562577486038208,0.004441261291503962
478439166,25,10,0.034311890602111816,0.0043152570724487305,0.019313573837280273
478447600,10,10,0.004636108875274769,0.006754159927368275,0.005695134401321522
478497530,10,25,0.0036448240280151367,-0.0006427168846132592,0.0015010535717009388
478498617,25,10,-0.027463793754577637,-0.010072350502014271,-0.018768072128295954
478499902,25,10,-0.0035190582275390625,0.0073438286781312145,0.001912385225296076
478586295,10,10,0.006586790084838899,-0.0013096332550048453,0.002638578414917027
478586425,10,25,-0.05359214544296276,0.0010820627212523304,-0.026255041360855214
478716304,50,50,0.008507609367370605,-0.003857910633087158,0.0023248493671417236
478793814,10,10,-0.031421303749084584,-0.008884191513061634,-0.02015274763107311
478828646,10,10,0.0032142400741577,0.0057036280632018,0.004458934068679751
478888083,10,10,0.0008043050765991211,0.0007146000862121582,0.0007594525814056396
478947222,10,10,0.0041342973709107,-0.0031688213348388,0.00048273801803595004
478949560,10,10,-0.024803102016449197,-0.029417634010315052,-0.027110368013382125
478958894,10,10,-0.014409780502319336,-0.02331143617630016,-0.018860608339309748
479010903,10,10,0.0024018287658691406,-0.006817281246185414,-0.0022077262401581366
479150681,10,10,-0.004918694496154785,-0.0001983642578125,-0.0025585293769836426
479179020,50,10,0.1966952085494995,-0.022286057472228782,0.08720457553863536
479218494,25,25,0.014915347099304088,0.03124678134918235,0.02308106422424322
479219923,10,10,0.012130439281463734,-0.007194280624389537,0.0024680793285370983
479220013,10,10,-0.030817627906799427,-0.009720802307128795,-0.02026921510696411
479225052,50,25,0.009920001029968373,0.03336435556411743,0.021642178297042902
479225080,25,25,0.012721836566925049,0.017254769802093395,0.014988303184509222
479225294,25,25,-0.022698044776916393,0.03750056028366078,0.007401257753372192
479298854,10,10,-0.01532655954360962,-0.015383362770080344,-0.015354961156844982
479415457,10,10,0.0107460618019104,0.002738773822784424,0.006742417812347412
479492633,25,10,0.03709656000137318,-0.003167569637298806,0.016964495182037187
479492800,50,50,-0.036964237689972035,0.05744558572769154,0.010240674018859752
479508018,50,25,-0.010514318943023793,-0.017003536224365345,-0.013758927583694569
479704527,25,25,-0.00812065601348877,0.010751843452453613,0.0013155937194824219
479711015,10,10,-0.010572075843810924,-0.026056706905365212,-0.018314391374588068
479721491,25,10,-0.00947338342666637,0.008521795272827037,-0.0004757940769196667
479722622,25,25,0.01990717649459839,0.0009406208992004395,0.010423898696899414
479728896,25,10,0.026138782501220592,-0.002803981304168812,0.01166740059852589
479766169,10,25,-0.011852264404296764,0.02813512086868286,0.008141428232193049
479770916,10,10,-0.013742148876190186,0.00028043985366843494,-0.006730854511260875
479993900,10,10,0.011903703212737926,0.00824517011642456,0.010074436664581243
480003970,10,25,-0.007627964019775391,0.07414263486862172,0.03325733542442316
480087928,25,10,0.016713201999664418,-0.030635058879852184,-0.006960928440093883
480090260,25,10,0.018281877040863037,-0.008278131484985463,0.005001872777938787
480122859,25,10,0.026480257511138805,-0.0010706782341004528,0.012704789638519176
480124551,10,10,0.009296953678131215,-0.00013935565948475226,0.004578799009323231
480169178,10,25,0.0027420520782471813,0.009168267250061146,0.005955159664154164
480169202,10,10,-0.03344315290451061,-0.0005981326103211559,-0.017020642757415883
480169278,25,25,0.017483949661254994,0.024235546588897816,0.020859748125076405
480171348,10,10,-0.01514911651611317,-0.011910080909729004,-0.013529598712921087
480171386,10,10,0.005215704441070557,-0.026224911212921254,-0.010504603385925348
480266505,25,10,-0.01373314857482899,0.01630556583404541,0.0012862086296082098
480268803,25,10,0.041350245475769154,-0.028938233852386586,0.006206005811691284
480273887,10,50,-0.016555726528167836,0.023532271385192982,0.0034882724285125732
480351780,50,10,0.01969689130783081,-0.010492563247680553,0.004602164030075129
480353286,10,10,0.0029013752937315784,-0.002530038356781228,0.00018566846847517526
480364000,10,50,0.01806032657623302,0.006425678730010986,0.012243002653122004
480643417,10,10,-0.05169326066970825,-0.0007259249687193714,-0.02620959281921381
480647923,10,25,0.010728955268859974,-0.06298720836639393,-0.02612912654876698
480648382,10,10,-0.013558745384216198,-0.035066604614258035,-0.024312674999237116
480705931,25,10,0.0213381052017212,-0.014804601669311501,0.0032667517662048487
480718588,50,10,-0.033467471599578746,-0.007836520671844371,-0.02065199613571156
480735016,10,25,-0.018285572528839222,-0.004860401153564342,-0.011572986841201782
480777144,10,10,-0.00037300586700439974,-0.0007569789886475,-0.0005649924278259499
480778441,10,10,-0.015795171260833518,-0.060680091381073,-0.03823763132095326
480792667,10,10,-0.008272409439086898,0.0053744316101075,-0.0014489889144896993
480798873,10,10,0.0093661546707154,0.0012469291687010999,0.00530654191970825
480952106,50,10,-0.005629420280456543,-0.05228239297866821,-0.028955906629562378
480999763,10,25,0.013584017753601074,0.035598933696746826,0.02459147572517395
481003593,10,10,-0.014471352100372203,-0.014285266399383434,-0.014378309249877819
481003643,50,10,0.045708119869231956,-0.03367304801940918,0.006017535924911388
481004298,10,25,-0.020480632781982422,-0.003995835781097412,-0.012238234281539917
481017021,10,10,0.0005139112472533998,-0.0108026266098023,-0.0051443576812744505
481018305,10,10,-0.02916574478149414,-0.00892019271850597,-0.019042968750000056
481093098,25,10,0.012346327304839977,-0.018738985061645397,-0.00319632887840271
481093525,10,10,-0.0036683082580565,0.005763292312622001,0.0010474920272827504
481096407,10,10,-0.008967995643615612,-0.014534413814544567,-0.01175120472908009
481127173,10,10,0.0142687559127808,0.0072017908096312,0.010735273361206
481127348,10,10,-0.008762836456298828,-0.00942927598953236,-0.009096056222915594
481136214,25,10,0.02170872688293457,-0.010089159011840931,0.0058097839355468195
482435718,25,25,0.012941360473632812,0.03950124979019176,0.026221305131912287
482444444,10,10,-0.025585412979125977,-0.004278063774108776,-0.014931738376617376
482516216,10,50,-0.024216055870056197,0.0231415033340455,-0.0005372762680053485
482516631,10,10,-0.024830162525177002,-0.02352052927017223,-0.024175345897674616
482521571,10,10,-0.008708477020263783,0.0064498186111447975,-0.0011293292045594927
482649712,10,10,-0.0075209736824036755,-0.006237328052520641,-0.006879150867462158
482652174,25,25,-0.006402671337127797,-0.0017936229705808326,-0.004098147153854315
482654108,10,25,-0.008799314498901398,0.015265583992004401,0.0032331347465515015
482690728,10,10,-0.0061323642730714,-0.0413610339164735,-0.02374669909477245
482726727,10,10,0.0008605718612669788,0.014337599277496338,0.007599085569381658
482764620,25,25,0.0008604526519776501,0.012992918491363636,0.006926685571670643
482772037,50,10,-0.057831883430480846,-0.03492671251296997,-0.04637929797172541
482773968,10,10,-0.009424805641174205,-0.0012819766998292126,-0.005353391170501709
482809953,10,25,-0.01382291316986084,0.01033252477645863,-0.0017451941967011053
482910438,10,10,0.008972346782684326,-0.010459780693053977,-0.0007437169551848255
483018019,50,25,0.0117264986038208,0.036196112632751354,0.023961305618286077
483020137,25,10,0.024670541286468395,-0.019400715827941784,0.0026349127292633057
483027960,50,10,0.08558684587478649,-0.009267091751098744,0.03815987706184387
483057325,50,10,0.0046523213386535645,0.013782739639282005,0.009217530488967784
483083617,25,10,0.03035920858383201,0.00861501693725597,0.01948711276054399
483099796,10,10,0.018570542335510365,0.0076541900634766735,0.01311236619949352
483101699,10,10,0.007264077663421631,-0.033882439136505016,-0.013309180736541693
484457747,500,10,0.022632837295532116,0.001095116138458363,0.01186397671699524
484509440,25,10,0.008706092834472767,-0.003417372703552135,0.002644360065460316
484515166,10,10,0.0012675523757935,0.0036696195602417,0.0024685859680176
484559000,25,10,0.018576443195343018,-0.0006812214851379395,0.008947610855102539
484635029,10,10,-0.00882434844970681,0.0018818974494934082,-0.0034712255001067005
484659182,10,100,-0.00439518690109264,0.020580589771270752,0.008092701435089056
484679812,50,50,-0.027791500091552623,-0.04230469465255715,-0.03504809737205489
484737013,10,10,0.0027837157249451794,0.005446016788482777,0.004114866256713978
484738748,10,100,0.004899799823760986,0.04229915142059337,0.02359947562217718
484742372,10,25,0.004616558551788219,0.01669454574584961,0.010655552148818914
484744672,10,10,-0.0102955102920532,0.0027360916137695,-0.00377970933914185
484770879,25,50,-0.005416750907897838,0.026079714298248402,0.010331481695175282
484818613,10,10,0.0017853975296020005,-0.0079484581947325,-0.0030815303325652495
485058595,10,10,-0.01044619083404541,0.011225581169128529,0.0003896951675415594
485060618,10,10,-0.02276855707168579,-0.024978697299957386,-0.02387362718582159
485061364,10,10,-0.0013346672058103248,-0.0024457573890683815,-0.0018902122974393532
485184849,10,10,-0.004946112632751465,-0.017141640186310036,-0.01104387640953075
485245025,10,10,-0.0007805228233337,-0.0003712177276610992,-0.0005758702754973997
485287282,10,25,0.005170166492462269,-1.5497207641601562e-05,0.002577334642410334
485287944,10,10,-0.013404548168182262,-0.006436169147491566,-0.009920358657836914
485339983,10,10,-0.0085290670394897,-0.013877213001251101,-0.0112031400203704
485455285,10,10,-0.0012851953506469,0.0008034706115723,-0.0002408623695373
485466109,10,10,0.011202037334442139,-0.013014256954193004,-0.0009061098098754328
485468180,10,10,0.014835476875305176,-0.013037383556366078,0.000899046659469549
485570335,25,25,-0.003281533718109242,0.01789790391921997,0.007308185100555364
485570372,10,10,0.012798905372619629,-0.01919436454772938,-0.003197729587554876
485574721,10,10,-0.04313796758651722,0.013710260391235352,-0.014713853597640936
485574832,10,10,0.008552610874176025,-0.0008813142776489258,0.00383564829826355
485577686,10,10,0.013912856578826793,-0.013945400714874157,-1.627206802368164e-05
485578197,10,10,-0.0008263587951660156,0.0011655688285827637,0.00016960501670837402
485579168,10,10,0.0148804187774658,0.013483703136444,0.0141820609569549
485608017,10,10,0.01954895257949818,-0.019797563552856334,-0.00012430548667907715
485610263,10,10,0.002435624599456787,-0.012321412563323975,-0.004942893981933594
485835016,10,25,0.017314791679382435,-0.052102088928222545,-0.017393648624420055
485836906,10,10,-0.0157606601715088,-0.043204784393310595,-0.029482722282409696
485837504,10,10,-0.016946732997894176,-0.021083950996398704,-0.01901534199714644
485838981,25,10,-0.03879570960998524,0.011697351932525635,-0.013549178838729803
485880739,25,10,-0.022452235221862904,-0.016790270805358776,-0.01962125301361084
485884503,10,10,0.006207525730132835,0.005018830299377219,0.005613178014755027
485889190,10,10,-0.04250180721282948,-0.008701026439666748,-0.025601416826248113
485905411,10,25,-0.011537909507751465,0.012888073921203613,0.0006750822067260742
485911892,25,10,0.006860256195068248,-0.006796419620513916,3.191828727716617e-05
485912047,10,10,0.018707871437072754,-0.024042189121246338,-0.002667158842086792
485931158,10,10,-0.0030008554458618,-0.0217814445495605,-0.012391149997711149
485932822,10,10,-0.0029740333557129,0.0006288886070251195,-0.0011725723743438903
485934207,10,10,-0.001314997673034628,0.0029280185699463003,0.0008065104484558361
485938494,10,25,-0.013612031936645619,-0.012641310691833607,-0.013126671314239613
485955227,25,10,-0.006640076637267955,-0.00858372449874889,-0.007611900568008423
485955982,10,10,-0.0011411905288695554,-0.005906879901885889,-0.003524035215377722
485958978,10,10,-0.006328582763671764,-0.02387326955795277,-0.015100926160812267
486029942,10,10,0.004951655864715501,-0.0032206773757935,0.0008654892444610004
486052980,10,200,-0.04935324192047119,-0.01367938518524181,-0.0315163135528565
486108147,25,10,0.06592833995819103,0.002007424831390492,0.03396788239479076
486110216,10,10,-0.0186260938644409,0.0125856399536133,-0.0030202269554138
486111903,25,25,-0.02908468246459961,0.007582902908325195,-0.010750889778137207
486132712,10,10,-0.014784753322601207,-0.006539523601531982,-0.010662138462066595
486146717,10,10,0.002148747444152832,-0.032774150371551625,-0.015312701463699396
486146828,10,10,-0.01194775104522705,0.00971353054046642,-0.0011171102523803156
486175203,10,10,-0.045838654041290394,-0.05128389596939098,-0.04856127500534069
486176465,25,25,0.008095979690551647,0.027648210525512806,0.017872095108032227
486196663,10,25,-0.004012703895568959,0.015067994594573864,0.0055276453495024525
486198953,10,10,0.0012489557266235002,-0.006981372833252001,-0.00286620855331425
486235288,10,10,-0.015790820121765102,0.0076217651367187994,-0.004084527492523152
486236426,10,10,-0.0089830160140991,-0.0131516456604003,-0.0110673308372497
486239338,10,10,-0.01580655574798595,-0.02835559844970703,-0.02208107709884649
486262299,25,10,-0.023790597915649414,-0.002185642719268799,-0.012988120317459106
486264574,10,10,0.004876852035522399,0.0072947740554809995,0.0060858130455016994
486352114,25,10,0.00500357151031483,-0.04070413112640381,-0.01785027980804449
486466923,10,10,0.003190577030181996,-0.01198720932006847,-0.004398316144943237
486472847,10,10,0.001392662525177224,0.001675724983215221,0.0015341937541962225
486500736,10,10,-0.0007914304733276,0.0008410215377806,2.4795532226499996e-05
486510127,10,10,-0.0259835720062256,-0.0005201101303099996,-0.0132518410682678
486557574,10,10,-0.008785903453827015,-0.018371284008026012,-0.013578593730926514
486560376,10,10,-0.016871869564056396,-0.04404830932617165,-0.030460089445114025
486753754,25,10,0.028414845466613547,0.0014566779136659935,0.01493576169013977
486756093,25,10,-0.02419447898864746,-0.01796257495880127,-0.021078526973724365
486893033,10,25,-0.01215624809265159,0.008903443813324086,-0.0016264021396637518
486921382,10,10,0.0005701184272765001,-0.0029339790344238,-0.00118193030357365
486940963,10,10,-0.027021765708923246,-0.012319803237915,-0.019670784473419124
486941367,10,10,0.01004958152770985,-0.0010131001472474255,0.004518240690231212
487158599,10,50,-0.006583750247955433,0.013006865978240967,0.0032115578651427668
487176969,10,10,-0.0042681694030762,0.0006566047668456,-0.0018057823181152999
487306716,10,10,-0.020551443099975586,-0.019650280475616566,-0.020100861787796076
487353993,10,25,0.0003237128257751465,0.01554316282272361,0.007933437824249379
487358945,10,10,0.0051500797271727995,-0.0030394792556762,0.0010553002357482997
487400838,10,10,-0.015104472637176625,-0.0425339937210083,-0.028819233179092463
487405644,10,10,-0.015861988067627064,-0.024365186691283958,-0.02011358737945551
487445455,10,10,-0.0025818347930907874,0.000388205051422,-0.0010968148708343937
487446992,10,25,-0.009610354900360218,0.025066554546356312,0.007728099822998047
487594856,10,10,-0.0038924217224122204,-0.007932543754577748,-0.005912482738494984
487601493,25,10,0.021174252033233643,0.0018178224563598633,0.011496037244796753
487638658,10,10,-0.009396195411682101,0.0026065111160278,-0.0033948421478271506
487661754,10,10,0.008515894412994385,0.0024411678314207874,0.005478531122207586
487663469,25,50,0.04442065954208396,0.013273417949676736,0.02884703874588035
487664070,25,200,0.012910604476928822,0.014089822769165039,0.01350021362304693
487664663,10,10,0.001300811767578014,-0.013626158237457275,-0.006162673234939631
487667205,10,10,-0.002756774425506814,-0.012405037879943848,-0.007580906152725331
487668030,10,10,-0.012575805187225564,-0.00733816623687733,-0.009956985712051447
488359338,10,10,-0.0009213089942931001,-0.00016117095947269994,-0.0005412399768829001
488380827,10,10,0.012322306632995599,-0.0131647586822509,-0.00042122602462765085
488386504,10,10,0.0003662109375,0.0019336938858031305,0.0011499524116515654
488392806,10,10,0.0005410909652709996,-0.005562901496887301,-0.0025109052658081506
488400343,10,10,0.00013065338134759987,0.0008969306945801,0.00051379203796385
488400701,10,10,-0.0011254549026488998,0.0016323328018189001,0.0002534389495850002
488418027,10,10,0.00041079521179190025,-0.0029013156890869,-0.0012452602386475
488419491,25,10,0.059391021728515625,-0.009886085987090953,0.024752467870712336
488426904,10,25,0.005098223686218262,0.012433469295501598,0.00876584649085993
488430487,10,10,0.013693332672119099,0.0120885968208312,0.01289096474647515
488432250,25,25,0.04051285982131958,-0.01718425750732444,0.01166430115699757
488440436,10,10,0.008803606033325195,-0.03384649753570568,-0.012521445751190241
488448839,25,50,-0.023204684257507213,-0.011379599571228027,-0.01729214191436762
488467273,25,10,-0.011209309101104625,0.006580531597137229,-0.002314388751983698
488473535,10,10,-0.013447344303131215,-0.02184993028640747,-0.017648637294769343
488491186,10,10,-0.0010833144187927246,-0.01272284984588623,-0.0069030821323394775
488495740,50,10,-0.023875057697296365,0.001555323600769154,-0.011159867048263605
488501071,10,10,-0.006079256534576416,-0.018293678760528453,-0.012186467647552435
488501165,10,10,0.009266436100005992,-0.029193103313446045,-0.009963333606720026
488501487,10,10,-0.0051665306091308,0.0009255409240723003,-0.00212049484252925
488674910,10,10,-0.005926251411437988,0.0010875463485718884,-0.00241935253143305
488675026,10,10,-0.05234295129776001,-0.013512372970581055,-0.03292766213417053
488676149,25,10,0.02516263723373402,-0.007629036903381237,0.008766800165176392
488677318,10,10,-0.013082265853881836,0.01140141487121582,-0.0008404254913330078
488677994,25,10,0.011491119861602783,-0.008145451545715443,0.00167283415794367
488679042,10,10,0.012808978557586892,0.01126408576965321,0.01203653216362005
488680917,10,10,0.0014877915382383033,-0.012035071849822776,-0.005273640155792236
488681087,10,10,-0.012014269828796387,-0.00816059112548817,-0.010087430477142278
488683322,25,25,0.017800390720367654,0.0007398724555970349,0.009270131587982344
488683425,50,10,0.011465191841125377,-0.015558838844299427,-0.002046823501587025
488686369,25,10,-0.006773173809051514,-0.03600841760635354,-0.021390795707702526
488688344,10,10,-0.0008757114410400998,-0.009938716888427679,-0.005407214164733889
488688374,25,10,0.00809299945831321,-0.03335052728652943,-0.01262876391410811
488689403,25,100,0.016218662261963,-0.0053198933601379395,0.005449384450912531
488695444,10,10,-0.011590182781219593,0.0013105273246764026,-0.005139827728271595
488697163,10,25,0.011936843395233043,0.02199876308441162,0.016967803239822332
488698341,10,10,0.004044592380523571,0.004356741905212402,0.0042006671428679865
488701127,10,10,0.006442785263061501,-0.0012683868408203004,0.0025871992111206003
488708322,10,10,-0.0192376971244812,-0.014655292034149059,-0.01694649457931513
488770805,10,10,-0.0162827968597411,-0.01926755905151356,-0.01777517795562733
489259263,10,10,-0.0127485990524292,0.008994817733764426,-0.0018768906593323864
489308885,10,10,-0.0009945034980773121,-0.0128498077392578,-0.006922155618667557
489315599,10,10,0.0020107030868531,0.0029406547546386,0.00247567892074585
489719193,10,10,-0.0011211633682251,-0.0035657882690429,-0.002343475818634
489731121,10,25,-0.01088285446166981,0.01684689521789562,0.002982020378112904
489751692,10,10,-0.0080740451812744,-0.00047397613525383827,-0.004274010658264119
489751959,25,10,0.029309868812561257,-0.011611938476562389,0.008848965167999434
489754156,25,10,0.0323968529701234,0.01524209976196278,0.02381947636604309
489885173,10,25,0.0004496574401856579,0.04960513114929199,0.025027394294738825
489887491,10,10,-0.02538716793060314,0.0026481151580809437,-0.011369526386261097
489888847,10,10,0.007082223892211803,-0.005604088306427002,0.0007390677928924005
489888898,10,10,-0.02178686857223522,-0.014353394508361816,-0.018070131540298517
490149337,25,10,-0.0303460955619812,-0.01666313409805298,-0.02350461483001709
490170480,10,10,-0.006825506687164196,-0.03659379482269276,-0.021709650754928478
490172112,50,25,-0.0010218024253846325,0.020249366760254017,0.009613782167434692
490173806,10,10,0.008840918540954479,0.011600852012634277,0.010220885276794378
490205998,25,50,-0.04334592819213867,0.006642580032348744,-0.018351674079894964
490259231,10,10,-9.876489639282227e-05,-0.012974798679351585,-0.006536781787872203
490259892,50,25,0.0018290281295776367,0.03217428922653198,0.01700165867805481
490263211,10,10,0.0023813247680663,-0.0002872347831725,0.0010470449924469
490263438,10,10,0.012831628322601207,-0.01926761865615856,-0.0032179951667786755
490264167,10,10,-0.0119065046310424,0.0020284652709961,-0.00493901968002315
490267468,10,10,-0.004630744457244984,-0.019402742385864258,-0.012016743421554621
490283519,10,10,-0.002194941043853982,-0.010065555572509988,-0.006130248308181985
490376252,10,10,-0.003052592277526897,-0.00021386146545419957,-0.0016332268714905483
490485142,10,10,-0.007193922996521,-0.0014164447784424002,-0.0043051838874817
490558274,10,10,-0.0201323032379151,-0.0486271381378173,-0.0343797206878662
490601284,10,10,0.005823969841003307,-0.01019918918609597,-0.002187609672546331
490612150,100,200,0.03174811601638783,0.0038992762565612793,0.017823696136474554
490612844,10,10,-0.002129197120666615,-0.00218123197555542,-0.0021552145481110174
490626718,10,25,-0.041817307472229004,0.008028268814086914,-0.016894519329071045
490626827,50,10,0.027823448181152344,-0.03897416591644298,-0.005575358867645319
490718897,25,10,0.02536642551422119,-0.07117009162902821,-0.02290183305740351
490733962,25,10,0.02518880367279064,0.007949948310852162,0.0165693759918214
490772223,10,25,-0.01061505079269398,0.026202738285064697,0.007793843746185358
490779678,10,200,-0.09452825784683239,-0.02882385253906261,-0.0616760551929475
490790207,10,10,-0.01353377103805542,-0.02054363489151001,-0.017038702964782715
490916882,10,25,-0.016606569290161133,0.012249171733855979,-0.002178698778152577
490916919,10,10,-0.0045083761215209,-0.007533073425293,-0.0060207247734069495
490931049,10,10,-0.03520101308822643,-0.026301145553588756,-0.030751079320907593
490982660,10,10,-0.003869175910949818,-0.009891688823699951,-0.006880432367324885
491026389,10,10,-0.004357099533080944,-0.016337931156158447,-0.010347515344619695
491029832,25,10,0.005996525287628063,0.0037583112716674805,0.004877418279647772
491030723,10,10,-0.013646423816680797,-0.004194200038909801,-0.0089203119277953
491038812,10,10,-0.01264500617980957,-0.018787026405334584,-0.015716016292572077
497560724,10,10,-0.0013917684555054002,-0.00025677680969240016,-0.0008242726325989002
497583188,25,25,0.06676167249679565,0.006477355957031361,0.03661951422691351
497611660,10,10,-0.0011547803878783,0.0010889172554017,-3.2931566238299996e-05
500857324,25,10,0.05390077829360962,0.000667572021484375,0.027284175157546997
500859045,10,10,0.002149999141693004,0.011408090591430553,0.006779044866561779
500879695,25,10,-0.035692572593689076,-0.027396082878112793,-0.031544327735900934
500894271,50,10,0.032219648361206055,-0.025200843811035156,0.0035094022750854492
500955009,25,10,0.0656368732452392,0.0032397508621214996,0.03443831205368035
500964358,10,25,0.013673603534698375,0.00971651077270519,0.011695057153701782
500964382,25,25,0.05649691820144642,-0.0014156103134154163,0.027540653944015503
500966656,10,10,0.004059255123138317,0.0012598037719725452,0.002659529447555431
501014504,50,50,-0.01398324966430664,0.03460341691970836,0.010310083627700861
501023852,50,100,0.03445202112197887,0.005068540573120339,0.019760280847549605
501280518,10,10,-0.00011163949966441766,-0.01284813880920399,-0.006479889154434204
501282204,10,10,-0.010822832584380992,-0.005941629409790039,-0.008382230997085516
501562903,25,10,0.011233806610107422,-0.054759681224823,-0.021762937307357788
501566512,10,10,-0.0007503032684326172,-0.033825039863586426,-0.01728767156600952
501570114,10,10,0.0035805702209473766,-0.017790257930755615,-0.007104843854904119
501730497,25,50,0.017309606075286976,0.02183091640472401,0.019570261240005493
501736631,10,10,0.0114412307739258,0.01442843675613399,0.012934833765029895
501848315,25,25,0.034542977809906006,0.04172569513320923,0.03813433647155762
501891177,500,50,0.02924787998199463,-0.00675398111343406,0.011246949434280284
501895840,100,10,-0.05011093616485607,0.0024394989013671875,-0.02383571863174444
501940485,10,100,-0.029105722904205433,-0.07822424173355103,-0.05366498231887823
501951290,10,10,-0.011740326881408691,0.009173035621643066,-0.0012836456298828125
501956013,25,25,0.08473515510559093,0.07142430543899536,0.07807973027229315
502120615,25,10,0.03097158670425415,0.003318786621093639,0.017145186662673895
502143149,10,10,0.008623778820037953,-0.020600855350494385,-0.005988538265228216
502144146,25,10,0.005663335323333629,-0.0012847185134887695,0.00218930840492243
502193385,25,25,0.020041286945342796,-0.0015183091163634144,0.00926148891448969
502245101,10,10,-0.006352543830871693,-0.006252646446228027,-0.00630259513854986
502260112,10,50,-0.01263606548309315,0.03764748573303223,0.012505710124969538
502267531,25,10,-0.03145402669906605,-0.014736533164977916,-0.023095279932021984
502269786,50,10,0.0211808681488036,0.0034387707710266113,0.012309819459915106
502366405,10,10,0.0051947832107543945,-0.01884305477142345,-0.006824135780334528
502382506,10,10,-0.037573933601379395,-0.006136298179626354,-0.021855115890502874
502574847,10,10,-0.061689436435699685,0.01510077714920044,-0.023294329643249623
502647640,10,500,0.016649484634399303,0.055080533027648815,0.03586500883102406
502665074,10,50,-0.06201767921447754,-0.021473705768585316,-0.04174569249153143
502808270,10,10,-0.021722614765167125,-0.03802579641342174,-0.029874205589294434
502829071,100,10,0.00890117883682262,-0.040148913860321156,-0.015623867511749268
502873181,10,10,0.005917668342590443,-0.016838014125823975,-0.005460172891616766
502887600,10,10,0.0007039308547974743,0.006865262985229603,0.0037845969200135388
502978383,25,10,-0.05098962783813488,0.003820061683654785,-0.023584783077240046
502999078,10,10,-0.03671270608902,-0.0762271285057069,-0.05646991729736345
503254105,10,10,-0.007353544235229499,-0.0103940963745118,-0.00887382030487065
503286448,10,10,0.0105383396148682,0.007843077182769737,0.00919070839881897
503517607,25,50,0.0202062726020813,-0.029140114784240723,-0.004466921091079712
503814817,10,10,-0.0047231912612915004,0.0021841526031494,-0.0012695193290710501
504120613,10,10,-0.05903017520904519,-0.0026598572731018066,-0.030845016241073497
504567071,10,10,0.014001250267028809,-0.03619146347045876,-0.011095106601714977
504608602,10,25,-0.01614248752593983,0.021583497524261364,0.0027205049991607666
504615116,25,10,0.042322754859924205,-0.029211938381194846,0.0065554082393646795
504635521,25,10,0.02803528308868397,-0.027545511722564586,0.0002448856830596924
504643398,10,10,-0.0067541003227235,-0.00483661890029885,-0.005795359611511175
504647603,10,10,-0.013728380203247102,-0.012868165969848593,-0.013298273086547848
505200218,10,100,-0.00460749864578236,-0.0008614063262940563,-0.002734452486038208
505202906,10,10,-0.001426398754119984,-0.028633058071136475,-0.01502972841262823
505476170,10,10,0.004168450832367054,-0.02337491512298584,-0.009603232145309393
505512874,100,10,-0.01713961362838745,-0.04780524969100963,-0.03247243165969854
505689242,10,10,-0.002122402191162015,5.722045898399987e-06,-0.0010583400726318073
505690787,10,10,0.0120903253555298,0.0016909837722778,0.0068906545639038
505798354,10,10,0.0132650136947632,0.006647467613220199,0.0099562406539917
505808144,25,10,-0.005329251289367787,-0.019340991973877064,-0.012335121631622425
506777471,10,10,-0.015023112297058216,0.003708958625793346,-0.005657076835632435
507100117,10,25,0.017026782035827637,0.008972823619842418,0.012999802827835027
507121819,10,25,0.0028020143508910023,0.02329695224761974,0.013049483299255371
507770911,10,10,-0.0020427703857422,0.0025897026062011,0.0002734661102294499
507914933,10,10,0.009910643100738414,-0.008452236652374046,0.0007292032241821844
507918877,50,10,0.06324779987335194,-0.0731276273727417,-0.00493991374969488
507996688,10,25,-0.011724412441253773,0.015894532203674427,0.002085059881210327
508275137,10,10,-0.0008138418197631563,0.0045275688171386,0.0018568634986877218
508280017,10,10,0.004675388336181601,0.0058906078338622,0.0052829980850219
508280093,10,10,0.015597701072692899,0.0137296915054322,0.014663696289062549
508280385,10,10,-0.003661692142486539,-0.0014601945877076,-0.0025609433650970693
508359535,10,10,0.0008631944656372001,0.0079675912857056,0.0044153928756714
508372969,10,10,-0.0071734189987181845,6.568431854249998e-05,-0.003553867340087842
508378649,50,10,0.061966180801391595,-0.00270104408264155,0.02963256835937502
508380891,10,10,0.0026044249534606166,-0.004016637802124,-0.0007061064243316917
508381644,10,10,-0.0007339119911193,0.0011746883392333976,0.0002203881740570488
508390405,10,10,0.0063611268997192,0.010804295539856,0.008582711219787601
508400049,10,10,0.0107841491699219,0.0009456872940063,0.005864918231964099
508400236,10,10,-9.799003601079987e-05,0.012145102024078301,0.006023555994033751
508400454,10,10,1.800060272219998e-05,0.0003556609153748,0.00018683075904849997
508405843,10,10,-0.0015163421630859002,-0.0066241025924682,-0.00407022237777705
508417989,10,25,-0.0492044687271118,0.041980028152465806,-0.003612220287322998
508421103,10,10,-0.0040781497955321,-0.018820405006408702,-0.0114492774009704
508427757,10,10,-0.0011283159255980994,-0.0104509592056274,-0.00578963756561275
508566646,10,25,0.014310121536254772,0.03433877229690541,0.02432444691658009
508883033,10,10,0.0127642154693604,0.0045324563980102,0.0086483359336853
508887004,10,10,0.0022876858711243786,0.008680880069732555,0.005484282970428467
508911693,25,10,-0.11585038900375377,-0.020397722721100076,-0.06812405586242692
508980706,10,10,-0.0012341141700742998,-0.00836670398712154,-0.00480040907859792
508987256,10,10,0.0006896257400511997,-0.0029755830764769658,-0.001142978668212883
509003464,10,25,-0.02283930778503418,0.005862116813659668,-0.008488595485687256
509617624,10,10,-0.000349760055542,0.0011125802993773998,0.0003814101219176999
509620929,10,25,0.017503082752227672,0.007988035678863636,0.012745559215545654
509881736,100,10,0.01107257604598999,-0.010871291160583385,0.00010064244270330258
510106222,100,500,0.03203028440475475,0.0228767991065979,0.027453541755676325
510114363,25,25,0.01787114143371582,0.02026611566543579,0.019068628549575806
510702728,10,10,0.006075680255890004,-0.03721123933792114,-0.01556777954101557
512322162,25,10,0.04023897647857655,-0.05102509260177601,-0.0053930580615997314
513510227,10,10,-0.02693217992782604,-0.11465871334075928,-0.07079544663429266
513531471,10,50,0.009967446327209362,0.004728734493255615,0.0073480904102324884
513593674,25,10,-0.024507641792297363,-0.021709024906158447,-0.023108333349227905
513832252,25,10,0.015358746051788219,0.00017225742340098993,0.0077655017375946045
513879001,50,10,0.031184852123260387,0.009526073932647594,0.02035546302795399
514530024,50,25,0.02048361301422119,0.016285240650177224,0.018384426832199208
514544971,25,10,-0.007365822792053223,0.01337289810180664,0.003003537654876709
514767977,10,10,0.0043489933013916016,-0.010134339332580677,-0.002892673015594538
514824979,50,50,-0.004431784152984397,-0.0033844709396360084,-0.003908127546310203
515056927,10,10,0.003779768943786621,-0.0028438568115235485,0.0004679560661315363
515059388,25,100,-0.04698723554611206,0.04205334186553955,-0.002466946840286255
515199779,10,10,-0.00045752525329590017,0.0001264810562134,-0.0001655220985412501
515202564,10,10,-0.043894946575164795,-0.03165411949157704,-0.037774533033370916
515249852,25,10,0.004314661026001199,-0.027491450309753418,-0.01158839464187611
515264431,10,10,0.01411181688308727,-0.004092574119567982,0.0050096213817596436
515305346,10,10,-0.01850438117980957,-0.017728865146636852,-0.01811662316322321
515511110,10,10,-0.0069661140441895,0.0084587335586548,0.0007463097572326504
515524026,10,50,-0.006343245506286399,0.02761554718017567,0.010636150836944636
515949222,10,10,0.01546931266784664,0.0141750574111938,0.01482218503952022
516906055,10,10,-0.006281733512878418,-0.0033995509147644043,-0.004840642213821411
516916566,50,25,-0.033527374267578125,0.05723339319229126,0.011853009462356567
517077548,10,10,-0.00028890371322630004,0.0087352991104125,0.004223197698593101
517319635,10,10,-4.0054321288999996e-05,0.012577772140502898,0.006268858909606949
517343484,10,10,-0.0273886919021606,-0.0037504434585571003,-0.01556956768035885
517345160,10,10,-0.033024787902832003,0.00034499168395999997,-0.016339898109436
517645929,25,10,0.024229824542999157,-0.015611648559570312,0.004309087991714422
517647182,10,10,-0.04321545362472534,-0.00728219747543335,-0.025248825550079346
517693603,10,10,0.0023332834243774006,0.0128395557403564,0.0075864195823669
517752298,10,10,0.01343679428100597,-0.002918243408203236,0.005259275436401367
517753911,25,25,0.01720482110977173,0.02198481559753418,0.019594818353652954
517977609,10,25,0.01454794406890858,0.015130341053009033,0.014839142560958807
517982558,100,25,0.04557150602340676,-0.00889301300048817,0.018339246511459295
518238899,25,25,0.017807066440582164,0.05324417352676403,0.035525619983673096
518271679,10,10,0.013206183910369762,-0.002979755401611328,0.005113214254379217
518290966,10,10,-0.014238953590393177,-0.025815963745117188,-0.020027458667755182
518623704,10,10,-0.03198719024658203,-0.044932186603546254,-0.03845968842506414
518750800,10,10,-0.01666659116744995,0.006995737552642933,-0.004835426807403509
519220630,10,10,0.006184875965118408,0.004333555698394775,0.005259215831756592
519517188,10,10,0.0002527236938476297,-0.0006561279296875,-0.00020170211791993516
519549081,10,25,-0.011806309223175049,0.016621053218841553,0.002407371997833252
519749342,25,25,0.03001314401626587,0.026382803916931152,0.02819797396659851
519751607,10,10,-0.0022757053375243998,0.0037208795547486,0.0007225871086121002
519853636,10,10,0.0038153529167174,-0.010719537734985199,-0.0034520924091338994
519877177,10,10,-0.0009275674819947,0.0042689442634582,0.00167068839073175
520347870,10,10,0.006742238998412975,-0.003332078456878884,0.0017050802707670454
520454345,10,10,0.0020112991333008,-0.0028269886970519,-0.00040784478187555007
520462275,10,10,-0.002292275428772,-0.0006586313247680125,-0.0014754533767700063
520470657,10,10,0.002123236656188915,-0.00029194355010979996,0.0009156465530395575
520471727,10,10,0.0067622661590576,-0.0052422881126402915,0.0007599890232086542
520480180,10,10,-0.0017335414886474,0.0019991993904112998,0.00013282895088194988
520631294,10,10,0.0039459466934204,-0.0050772428512573,-0.0005656480789184501
520631985,10,10,-0.0020627975463867,0.0008486509323119978,-0.0006070733070373511
521399472,10,50,0.0010393261909484863,0.019581317901611328,0.010310322046279907
521409057,500,10,0.02172774076461803,-0.04159289598464977,-0.00993257761001587
521625948,25,10,0.019579708576202393,-0.006115257740020752,0.00673222541809082
521938313,100,25,0.02186560630798362,0.026797056198120228,0.024331331253051924
521958756,10,25,-0.03549063205719005,0.029481470584869163,-0.003004580736160445
522108467,10,10,-0.031320393085479736,-0.004745781421661377,-0.018033087253570557
522147522,25,25,0.03248548507690441,0.02055537700653076,0.026520431041717585
522152249,10,10,0.0010123252868652001,-0.0011590719223022001,-7.33733177185e-05
522257166,50,25,0.05739861726760853,-0.005251049995422363,0.026073783636093084
522408506,25,25,0.026229023933410534,0.008496284484863392,0.017362654209136963
522418855,25,10,0.013337433338165172,-0.0033285021781920276,0.005004465579986572
522723828,500,500,0.05514270067214977,0.04345655441284202,0.049299627542495894
523205934,10,10,-0.004057049751281738,-0.03541994094848633,-0.019738495349884033
523478821,25,10,0.018857836723327526,-0.0024836063385011986,0.008187115192413164
523478869,10,10,-0.04860013723373424,-0.020538151264190563,-0.0345691442489624
523748610,10,10,-0.0001796483993529367,-0.0047445297241211,-0.002462089061737018
524090036,10,25,0.007595181465148901,0.0211882591247559,0.014391720294952401
524689239,10,10,-0.02000838518142678,-0.007999420166015625,-0.014003902673721202
524693113,25,10,0.024991452693939098,0.009290575981140026,0.017141014337539562
524850271,25,50,0.050765812397003174,0.01639634370803833,0.03358107805252075
524876305,25,10,0.012296974658965953,-0.024895668029785267,-0.006299346685409657
525011903,10,10,-0.0063337087631226,-0.0189188718795777,-0.01262629032135015
525018757,10,10,0.014435887336731,-0.0003376007080077986,0.007049143314361601
526531616,25,10,0.0200383663177488,-0.02792638540267922,-0.00394400954246521
526734407,10,10,0.0121357440948486,-0.0101820230484009,0.00097686052322385
526785742,10,10,0.0035777091979981,-0.0017155408859253,0.0009310841560363999
526801742,10,10,0.015648186206817627,-0.015390634536743164,0.00012877583503723145
526939383,10,10,-0.010627925395965465,0.0012143254280089222,-0.0047067999839782715
526943222,25,25,0.017195224761963,-0.03156793117523182,-0.0071863532066344105
526946319,25,50,-0.055313169956207386,0.018212437629699818,-0.018550366163253784
526950199,25,50,0.026460886001587025,0.055400311946868896,0.04093059897422796
526951157,25,200,0.07063895463943481,0.022658228874206432,0.04664859175682062
527089085,10,10,0.003795504570007213,0.009836196899413951,0.006815850734710582
527095729,10,10,-0.0020392537117004395,-0.023512721061706654,-0.012775987386703547
527464013,25,10,0.033053457736969105,-0.023143887519836426,0.00495478510856634
527579814,10,10,0.0053994059562681995,-0.006255447864532582,-0.0004280209541321911
527864026,10,10,0.0014877319335938,-0.0064035654067993,-0.00245791673660275
527869035,100,10,0.0025613903999327503,-0.0034905076026915394,-0.00046455860137939453
527890048,10,10,-0.001970648765563871,0.0106543898582457,0.004341870546340915
527890930,10,10,0.001432716846466,0.00033795833587649997,0.00088533759117125
527891102,10,10,-0.00026279687881468285,0.0006359815597534002,0.00018659234046935867
527922515,10,10,-0.0031290054321288997,0.006824254989624001,0.0018476247787475506
527944264,10,10,0.0005824565887450998,-0.0027794837951660998,-0.0010985136032105
527946361,10,10,0.0006129741668700641,0.0018035769462585,0.001208275556564282
528002420,10,10,-0.0115020275115967,-0.0033402442932128993,-0.0074211359024048
528011097,10,10,0.0009384155273437001,-0.0033201575279234,-0.00119087100028985
528015670,10,10,0.00031459331512449996,0.0126152038574219,0.006464898586273199
528019077,10,10,0.014626264572143501,-0.0034590959548949,0.0055835843086243005
528022041,10,10,-0.00015711784362791483,0.0004847049713135,0.00016379356384279257
528028846,10,10,0.0030430555343628,-0.0031347274780274,-4.583597183230011e-05
528038990,10,10,-0.0250003337860107,-0.0005631446838378993,-0.012781739234924299
528042185,10,10,-0.001733124256133984,0.0044666528701782,0.0013667643070221082
528501887,10,50,0.017608940601348766,0.029915332794189342,0.023762136697769054
528605746,10,10,0.0015656948089598664,0.006671190261840801,0.004118442535400333
528611949,50,10,0.0249940156936646,-0.002224206924438499,0.011384904384613051
528614014,10,10,0.0010360479354857997,-0.000795841217041,0.00012010335922239986
528617665,10,10,0.0010855197906493998,0.0051298141479492,0.0031076669692993
528631988,10,10,0.0027887821197509995,0.002086102962493836,0.002437442541122418
528636794,10,10,-0.0192779302597046,-0.003207981586456205,-0.011242955923080403
528638057,10,10,-0.00030130147933956096,0.0003950595855713,4.687905311586953e-05
528638213,10,10,-0.0111716985702514,0.0020835995674132997,-0.00454404950141905
528687520,10,10,-0.0081250667572022,0.001211643218994099,-0.0034567117691040507
528758496,10,10,-0.0006648302078246999,-0.0036567449569702,-0.00216078758239745
529807751,10,10,-0.010843276977539,-0.002599596977233874,-0.006721436977386437
529822280,10,10,-0.004431962966919,-0.0073835253715514,-0.0059077441692352
529826240,10,10,-0.0019547939300536997,-0.0047841072082519,-0.0033694505691528
529845713,10,10,-0.0010870695114136,-0.0010348558425903,-0.00106096267700195
529863215,10,10,0.0009450912475586,0.0105326175689696,0.0057388544082641
529877874,10,10,-0.0076615810394287,-0.0011529922485352,-0.00440728664398195
529889679,10,10,0.00291329622268667,-0.003605604171753,-0.00034615397453316497
529898751,10,10,-0.026005506515503,-0.0260342359542846,-0.0260198712348938
529908238,10,10,-0.00053870677948,-0.0016529560089112,-0.0010958313941956
529997668,10,10,-0.0009574294090270316,0.0077903270721436,0.003416448831558284
530022494,25,10,0.0350326299667359,-0.0134286880493164,0.010801970958709751
530055374,10,10,0.0014990568161009996,-0.0047259330749511,-0.0016134381294250501
530062268,10,10,-0.0027371644973755,-0.0017882585525512687,-0.002262711524963384
530097064,10,10,0.0075596570968627,-0.0040733814239502005,0.0017431378364562498
530204927,10,25,-0.03082638978958141,0.03230285644531261,0.0007382333278656006
530235049,50,25,-0.01931649446487438,0.005002498626709095,-0.007156997919082642
530349764,25,10,-0.0026547908782957874,-0.0074915289878846325,-0.00507315993309021
531121585,10,10,0.013389170169830433,0.019519031047821156,0.016454100608825795
531342116,50,10,0.004877686500549427,-0.012736678123474121,-0.003929495811462347
531517778,10,10,0.0019329786300659002,-0.0023214221000671,-0.00019422173500059994
531520637,10,10,-0.0001364946365356,-0.0038009285926818,-0.0019687116146087
531523484,10,10,-0.0152446031570434,0.00013649463653564453,-0.007554054260253878
531523518,10,10,-0.0138297080993652,0.012609302997589,-0.0006102025508880997
531526539,10,10,-0.0034300088882446003,0.00498276948928832,0.0007763803005218597
531526842,10,10,0.0026536583900450997,-0.0010025501251220343,0.0008255541324615327
531529716,10,10,-0.0045669078826903,-0.0040953755378722,-0.00433114171028125
532355382,10,25,-0.03267014026641846,0.049458861351013184,0.008394360542297363
532571720,100,10,-0.029984533786773793,-0.014469504356384388,-0.02222701907157909
534141324,10,10,-0.013871192932128826,0.013729929924011099,-7.063150405886391e-05
534524026,25,25,-0.009210050106048584,0.1311718225479126,0.06098088622093201
535708196,10,25,-0.0066168904304504395,0.007232546806335449,0.0003078281879425049
535728342,10,50,-0.035065293312072754,0.04437625408172596,0.004655480384826605
537256313,10,10,0.0088717937469482,-0.0060522556304931545,0.001409769058227523
537261100,10,10,0.0010720491409301164,0.0118990540504455,0.006485551595687808
537297470,10,10,-0.00027978420257569997,0.0009638071060181,0.0003420114517212
537307503,10,10,-0.0446490049362181,-0.0205172300338745,-0.0325831174850463
539537094,10,10,-0.0031005144119263,-0.011130690574646,-0.00711560249328615
539537652,10,10,-4.965066909790039e-05,0.0022691488265991003,0.0011097490787506
539540199,10,10,0.0012019872665404,0.0005403757095336,0.0008711814880370001
539542218,10,25,-0.0705240964889526,0.051336765289306696,-0.00959366559982295
539556162,10,10,-0.0087016224861144,-0.0061048269271850005,-0.0074032247066497005
539563673,10,10,0.0171626806259156,0.0046120882034300995,0.01088738441467285
539571778,10,10,0.004204869270324662,0.00016444921493530002,0.002184659242629981
539640410,10,10,0.0016291141510009995,0.0045349001884459,0.00308200716972345
539659702,10,10,-0.0264792442321777,0.0115104913711548,-0.0074843764305114495
539661667,10,10,-0.0108488798141479,-0.014500141143798799,-0.01267451047897335
539742766,10,25,-0.015743851661682018,0.047130942344665416,0.0156935453414917
541536216,10,10,0.0025677680969238004,-0.0019854307174683,0.00029116868972775024
541540569,10,10,0.00029480457305910003,0.0033649206161498997,0.0018298625946045
541540615,10,10,-0.014950037002563499,0.0051274299621582,-0.00491130352020265
541545716,10,10,0.00019621849060060003,-0.009337663650512699,-0.0045707225799560495
541548139,10,10,-0.0017465353012085,-0.0097105503082275,-0.005728542804717999
541551240,10,10,-0.0197553038597106,-0.0505409240722655,-0.03514811396598805
541563728,10,10,-0.0002144575119019,-0.00029039382934569966,-0.00025242567062379984
541566300,10,10,0.0036846399307251,0.0007110834121703997,0.0021978616714477496
541571148,10,10,-0.0005389451980590001,-0.0119931697845458,-0.0062660574913024
542131227,10,10,0.0038437247276305,0.0072219371795654,0.00553283095359795
542141883,10,10,-0.017872095108032202,-0.0028126835823057998,-0.010342389345169001
542142697,10,10,-0.006816148757934472,-0.0010416507720947,-0.003928899765014586
542179094,10,10,-0.0059069395065308,0.0007071495056152,-0.0025998950004578
545171030,10,10,-0.0175002813339233,-0.0009457468986510001,-0.009223014116287152
545188312,10,10,-0.0079387426376342,-0.003302812576294001,-0.0056207776069641
545208779,10,10,0.0008845329284667995,0.00569474697113037,0.003289639949798585
545227537,10,10,0.0007681846618652999,-0.0069275498390196,-0.00307968258857715
545604343,25,100,0.022722244262695312,0.03104722499847412,0.026884734630584717
545612828,10,10,0.0006098151206970215,-0.014624297618866078,-0.007007241249084528
547262585,10,10,0.004813373088836781,0.007692039012909158,0.006252706050872969
547325858,10,10,-0.003907024860381969,0.0006265640258790173,-0.001640230417251476
547336671,10,10,-0.0024103522300720215,-0.014718592166900635,-0.008564472198486328
547344442,25,10,0.01240551471710205,0.006753325462341198,0.009579420089721624
547616623,25,10,-0.013978958129882812,-0.02583521604537964,-0.019907087087631226
548408551,10,10,-0.0037184953689574085,-0.007755756378173828,-0.005737125873565618
548416317,25,10,-0.0755702257156371,-0.021657168865203857,-0.04861369729042048
548421866,10,25,0.004673779010772816,0.011645197868347057,0.008159488439559937
548440226,25,10,-0.04592663049697876,-0.14193296432495117,-0.09392979741096497
548444436,10,10,-0.005427837371826172,0.010336101055145264,0.002454131841659546
548457754,10,25,-0.018437147140502708,0.0125654935836792,-0.002935826778411754
548459652,10,10,0.0014174580574034534,0.007842242717743031,0.004629850387573242
548461580,10,100,-0.021005868911743053,-0.01928204298019398,-0.020143955945968517
548473051,25,10,0.042320072650909646,-0.024435877799987793,0.008942097425460926
548473245,25,25,0.010296881198883168,0.05888319015502941,0.03459003567695629
548494556,10,10,-0.006565153598785178,-0.008349061012268177,-0.007457107305526678
553219924,50,10,0.0005939602851867676,-0.052906930446624756,-0.026156485080718994
553231879,200,10,0.03783106803894054,-0.0044974684715271,0.01666679978370672
553541110,25,10,0.007043480873107799,0.0026575326919555664,0.004850506782531683
553561593,10,10,0.014585554599761963,0.004870653152465709,0.009728103876113836
554432769,10,25,-0.006691575050353893,0.017559170722961426,0.0054337978363037664
554443833,10,10,-0.005186021327972412,-0.04753428697586082,-0.026360154151916615
554454165,25,25,-0.013939738273620828,-0.0033170580863953747,-0.008628398180008101
554807988,25,10,0.011370539665222168,-0.0006731748580931507,0.005348682403564509
555060623,10,10,0.012868583202362172,0.0046669840812681995,0.008767783641815186
555088069,25,50,0.004555642604827881,0.021469414234161377,0.013012528419494629
555089724,10,10,-0.006281852722167969,-0.014234244823455922,-0.010258048772811945
555251867,25,10,-0.014463782310485729,-0.021075069904327393,-0.01776942610740656
555263276,10,10,-0.020407795906067006,-0.003027677536010853,-0.01171773672103893
555345752,10,10,-0.0032820701599119984,-0.022802174091339222,-0.01304212212562561
555356054,10,10,-0.0560879111289978,-0.029245495796203613,-0.04266670346260071
555365036,10,25,-0.02664107084274281,0.0031225085258483887,-0.01175928115844721
555697303,50,10,0.051116764545440674,0.016080081462859996,0.033598423004150335
555898896,10,50,-0.03837782144546509,0.024433553218841664,-0.006972134113311712
556356342,10,50,0.012908637523651123,0.03979778289794933,0.026353210210800226
556363725,50,10,-0.05152040719985962,-0.005339264869689941,-0.02842983603477478
556369531,10,10,0.008088469505309948,-0.01638740301132202,-0.004149466753006037
556524816,500,50,0.1736387014389038,0.07513058185577393,0.12438464164733887
556687527,10,25,0.013236165046692006,-0.021609067916870117,-0.004186451435089056
556910601,50,25,0.03525596857070923,-0.004573702812194824,0.015341132879257202
556914447,50,10,0.0294838547706604,-0.035961925983428955,-0.0032390356063842773
556926517,200,100,0.11117631196975708,-0.009979605674743652,0.050598353147506714
556968207,25,25,0.03852081298828114,0.026800036430358887,0.03266042470932001
557202210,10,200,-0.07834833860397328,0.04501301050186168,-0.016667664051055797
557252022,25,10,0.025188148021697998,-0.05484521389007557,-0.014828532934188787
557261437,10,10,-0.014552831649780384,-0.015861928462982178,-0.015207380056381281
557403606,10,50,-0.013276040554046742,0.02726835012435902,0.006996154785156139
557673526,10,10,-0.04706335067749001,-0.008649170398712158,-0.027856260538101085
557679003,10,25,0.013429760932922363,0.017662107944488636,0.0155459344387055
557852711,10,10,-0.13579922914504994,-0.09754520654678356,-0.11667221784591675
557859579,10,10,-0.010258018970489391,-0.0037387609481811523,-0.006998389959335272
557864274,25,10,0.006952881813049205,-0.007046461105346569,-4.678964614868164e-05
557996299,50,25,0.033002614974975586,0.03479677438735962,0.0338996946811676
557998843,200,10,0.06289136409759521,-0.020846903324127197,0.02102223038673401
558076716,500,10,0.024904370307922363,-0.030668199062347412,-0.0028819143772125244
558159992,25,25,-0.0027468204498292126,0.01882302761077881,0.008038103580474798
558211203,10,100,-0.01775968074798595,0.004614651203155629,-0.006572514772415161
558476932,10,10,0.008871018886566162,0.011554598808288574,0.010212808847427368
558583839,25,10,0.005624890327453613,0.005052149295806885,0.005338519811630249
558612809,100,10,0.010784566402435414,-0.0411754846572876,-0.015195459127426092
558660968,25,10,0.011146306991577148,-0.059621453285217174,-0.024237573146820013
558675748,50,10,0.048323333263397106,-0.039498865604400524,0.004412233829498291
558675895,25,25,0.1560702919960022,-0.08275443315505981,0.03665792942047119
559221786,10,25,0.008652985095978005,-0.004227638244629017,0.002212673425674494
559387643,25,25,0.008682072162628174,0.02506232261657715,0.01687219738960266
559388218,50,25,-0.015467047691345215,-0.011659324169159047,-0.01356318593025213
560373629,25,10,0.013326585292816384,-0.037472426891327015,-0.012072920799255316
560579320,25,10,0.02840554714202881,-0.035891175270080455,-0.0037428140640258234
560581448,25,10,0.00575345754623402,-0.030414342880249023,-0.012330442667007502
560686477,10,10,-0.07889378070831299,0.001988351345062034,-0.03845271468162548
560690291,10,10,-0.010030925273895264,-0.025683104991912842,-0.017857015132904053
560738452,10,10,-0.010392785072326771,-0.01958811283111561,-0.014990448951721191
560748672,10,10,-0.02069026231765725,0.005599379539489746,-0.007545441389083751
560750295,10,25,-0.00301361083984375,0.0725848674774171,0.03478562831878668
560753350,10,10,0.001325547695159801,-0.010231018066406028,-0.0044527351856231134
560814288,10,10,0.014713823795318381,-0.0033606886863707386,0.0056765675544738214
560889670,10,10,-0.020600497722625732,-0.02303117513656605,-0.021815836429595892
560924223,25,10,0.005629360675811768,-0.004623591899871604,0.0005028843879700817
560965993,10,10,0.002994239330291637,-0.007546424865722656,-0.0022760927677155096
560968319,10,10,-0.019538521766662598,0.009944260120391846,-0.004797130823135376
561325425,10,10,0.009080946445464977,0.00479990243911721,0.006940424442291093
561329890,10,10,-0.023051440715789573,-0.01805955171585083,-0.0205554962158202
561517025,10,10,-0.02463012933731079,-0.01572841405868519,-0.02017927169799799
561519381,10,10,-0.018704354763030784,0.0010783076286315918,-0.008813023567199596
561520050,10,10,-0.017232537269592174,0.015726029872894398,-0.000753253698348888
561533860,25,25,0.02899932861328125,-0.024747133255004994,0.002126097679138128
561552455,10,10,-0.004737555980682373,-0.00954139232635487,-0.007139474153518621
561790658,10,25,-0.012417554855346902,0.02355039119720459,0.005566418170928844
561934585,10,10,-0.008831560611724854,-0.02380734682083141,-0.01631945371627813
562091859,25,10,0.008339762687683216,-0.005064666271209606,0.0016375482082368054
562381417,25,10,0.016897141933441273,-0.0028220415115355335,0.00703755021095287
562385794,10,10,-0.006746172904968262,-0.06900495290756237,-0.037875562906265314
562424079,10,10,-0.03653472661972046,0.007958769798278809,-0.014287978410720825
562524605,25,10,0.01181650161743164,-0.014662563800811768,-0.0014230310916900635
562530336,10,10,-0.046347081661224365,-0.030508697032928356,-0.03842788934707636
562535995,10,10,-0.023811519145965576,-0.027585387229919656,-0.025698453187942616
562539062,10,25,-0.031056225299835205,0.012642562389374001,-0.009206831455230602
562540395,10,10,-0.008887588977813832,0.002368330955505593,-0.0032596290111541193
562965437,25,10,0.042150795459747314,0.007531344890594371,0.024841070175170843
562999984,10,100,-0.036289095878601074,-0.009159088134765625,-0.02272409200668335
563028422,25,10,-0.01328212022781372,-0.0271484851837156,-0.02021530270576466
563220277,25,25,-0.052176594734191784,0.020896613597869984,-0.0156399905681609
563226105,10,10,0.0045035481452944115,0.002744913101196178,0.0036242306232452948
563248177,25,10,0.08183002471923828,-0.008296787738799938,0.03676661849021917
563338541,200,25,0.03301537036895763,0.028006255626678356,0.030510812997817993
563350008,25,50,-0.028984248638153187,0.010869026184082031,-0.009057611227035578
563353582,25,10,-0.00021016597747802734,-0.056120991706848256,-0.02816557884216314
563373346,25,10,-0.011272668838500977,-0.020856261253357156,-0.016064465045929066
563380422,50,10,-0.02938312292098999,-0.046596884727477916,-0.03799000382423395
563535101,10,10,-0.0086592435836792,-0.009402334690093994,-0.009030789136886597
563620254,10,10,-0.028071582317352184,-0.00849008560180664,-0.018280833959579412
564346637,10,25,-0.013557374477386364,0.020680129528045543,0.00356137752532959
564349611,50,50,-0.07877886295318604,-0.13375341892242432,-0.10626614093780518
564410881,10,10,-0.003845393657684326,0.008899092674255371,0.0025268495082855225
564438523,10,200,-0.03704029321670543,-0.028971433639526367,-0.0330058634281159
564770700,25,10,0.021457016468047985,0.00819748640060447,0.014827251434326227
565108355,25,10,0.01932448148727417,-0.012561023235321267,0.0033817291259764515
565191521,25,10,0.029986560344696156,-0.007990419864654541,0.010998070240020807
565209132,10,25,0.006978213787078857,0.012607634067535622,0.00979292392730724
565213849,100,10,-0.0294073224067688,0.011563777923583984,-0.008921772241592407
565236919,10,10,-0.015622854232788197,-0.014653801918029674,-0.015138328075408936
565407476,50,10,0.05596816539764404,-0.011923968791961781,0.02202209830284113
565415071,10,10,-0.023662090301513783,-0.02003073692321755,-0.021846413612365667
565448436,10,10,-0.010903120040893444,-0.05781728029251121,-0.034360200166702326
565480987,50,10,0.005646944046020619,-0.012439072132110596,-0.0033960640430449884
565698986,10,10,-0.025640964508056863,-0.017516911029815674,-0.021578937768936268
565723357,25,10,-0.006123602390289196,-0.001482069492340199,-0.0038028359413146973
565778331,25,10,0.014361917972564808,-0.015820682048797607,-0.0007293820381163996
565778579,25,10,0.01599442958831787,-0.03839153051376343,-0.011198550462722778
565858209,50,10,0.042811572551727295,-2.372264862060547e-05,0.021393924951553345
565863515,25,25,-0.0005353689193725586,0.013242781162261963,0.006353706121444702
565866518,10,10,-0.0031238198280334473,-0.0073250532150267444,-0.005224436521530096
565870964,10,25,-0.007624387741088756,0.012586414813995583,0.0024810135364534136
565871768,10,10,-0.01096034049987804,0.004082918167114369,-0.003438711166381836
565871856,25,10,-0.016869783401489258,0.0033930540084838867,-0.0067383646965026855
565880475,10,10,-0.02193385362625122,-0.03760486841201793,-0.029769361019134577
565888394,10,10,-0.0045171380043030895,-0.017551541328430065,-0.011034339666366577
566304697,50,25,0.037043631076812744,0.012360811233520397,0.02470222115516657
566305266,10,10,-0.004524946212768555,-0.02117180824279774,-0.012848377227783148
566460800,10,25,-0.0028820037841795765,-0.016758918762207142,-0.00982046127319336
566463606,10,10,-0.002335369586944358,0.00115966796875,-0.000587850809097179
566466395,10,10,0.0023545026779173694,-0.007829129695892334,-0.0027373135089874823
566475818,10,10,0.010056138038635254,-0.0018030405044555664,0.004126548767089844
566517779,25,25,0.050861239433288574,0.07388317584991455,0.06237220764160156
566541912,10,10,-0.0032737255096436657,-0.009439647197723167,-0.006356686353683416
566559909,25,25,0.008936345577240101,-0.0002574920654295765,0.004339426755905262
566563603,25,10,0.012907147407531627,0.005718111991882213,0.00931262969970692
566648315,10,10,0.011182188987732045,-0.028154611587524414,-0.008486211299896185
566671538,10,10,-0.0114130377769468,-0.0011591315269470215,-0.0062860846519469105
566673170,10,10,-0.00925445556640625,-0.007057011127471813,-0.008155733346939031
566719275,10,10,0.0005243420600892224,-0.0031079649925231934,-0.0012918114662169855
566720165,25,25,0.020017445087432972,0.01069241762161266,0.015354931354522816
566724483,10,25,-0.02237212657928478,0.028889954090118408,0.0032589137554168146
566728192,25,10,0.052111923694610374,-0.004647016525268666,0.023732453584670854
566760952,10,10,-0.054349541664123646,0.0003021359443664551,-0.027023702859878596
566761793,10,10,-0.02034670114517223,-0.01840907335281383,-0.01937788724899303
566991946,50,25,-0.0007725358009338379,0.016166806221008412,0.007697135210037287
567007144,50,25,0.008969962596893422,-0.0017107129096983753,0.003629624843597523
567029686,10,10,0.004271209239959606,-0.023714065551757812,-0.009721428155899103
567266985,50,25,0.010459899902343639,-0.0025562644004820667,0.003951817750930786
567320213,25,10,0.005528628826141246,0.0066304802894592285,0.0060795545578002375
567354967,10,10,-0.03231543302536011,-0.0978146195411681,-0.0650650262832641
567399060,10,10,0.008982539176940807,0.0015370845794678845,0.005259811878204346
567431416,25,50,0.02858603000640858,-0.0018121600151064232,0.013386934995651079
567731428,50,10,-0.03452819585800171,-0.0022451281547545276,-0.01838666200637812
567742660,25,25,0.08329683542251576,0.03176009654998768,0.05752846598625172
567901050,10,10,-0.0220181941986084,-0.03463524580001842,-0.02832671999931341
568584929,10,25,-0.05287170410156239,0.0104461908340453,-0.021212756633758545
568757860,10,50,-0.00039941072463978156,-0.006797194480895996,-0.003598302602767889
568767467,50,25,0.007957279682159646,0.018723726272582786,0.013340502977371216
569072334,10,10,0.011717498302459717,-0.006663620471954457,0.00252693891525263
569270348,10,50,0.0007448196411133923,-0.0031058192253113903,-0.001180499792098999
569286299,10,10,-0.007791817188262828,0.0037000179290772595,-0.0020458996295927845
569296410,100,25,-0.040595591068268044,-0.004767715930938721,-0.022681653499603383
569317896,100,10,0.010438740253448597,-0.004996836185455433,0.002720952033996582
569424261,10,10,0.017651379108429066,0.019197165966033936,0.0184242725372315
569469018,25,25,0.013610005378723034,0.017110586166381836,0.015360295772552435
569477234,25,10,0.02748066186904896,-0.003593742847442738,0.011943459510803112
569494755,10,10,-0.016372084617614857,0.009557664394378662,-0.0034072101116180975
569615443,10,10,-0.0060413479804991566,-0.00677800178527832,-0.0064096748828887384
569623233,25,10,0.015791058540344127,-0.07865208387374878,-0.031430512666702326
569653118,25,25,-0.022875666618347168,-0.0202370285987854,-0.021556347608566284
569664731,25,100,0.04488515853881836,0.07335078716278076,0.05911797285079956
569670455,25,10,0.0120217204093932,-0.018871068954467773,-0.003424674272537287
569706189,25,10,0.005375266075134499,-0.0469399094581604,-0.02078232169151295
569710450,100,25,-0.12719553709030162,0.03526586294174183,-0.045964837074279896
569715141,100,200,0.03190028667449951,0.025528013706207164,0.028714150190353338
569730838,10,25,0.01783466339111328,0.009757757186889648,0.013796210289001465
569739534,10,100,-0.004956662654876598,0.024947285652160422,0.009995311498641912
569809287,10,10,0.005966663360595814,-0.01800316572189331,-0.006018251180648748
569810649,10,50,-0.03137922286987305,0.04739272594451904,0.008006751537322998
569818704,25,25,-0.07025647163391113,-0.008944213390350342,-0.03960034251213074
569823971,10,10,-0.11738741397857655,-0.09773194789886486,-0.1075596809387207
569869510,10,10,-0.13197511434555065,-0.007932662963867299,-0.06995388865470897
569997187,10,10,-0.032736241817474365,-0.03408724069595348,-0.03341174125671392
570010469,10,10,0.012290775775909313,-0.023334503173828014,-0.005521863698959351
570098593,10,10,-0.0017534494400025524,-0.03294259309768688,-0.017348021268844716
570280138,25,25,-0.030109167098999023,-0.009329378604889027,-0.019719272851944025
570438732,10,10,0.0008450746536255993,-0.012579798698425182,-0.005867362022399791
570459682,10,10,0.008589863777160534,-0.0032324790954589844,0.0026786923408507746
570589704,10,10,0.012275934219360463,0.014966130256652832,0.013621032238006647
570924514,25,25,0.04186862707138039,-0.042693018913269154,-0.0004121959209443804
571292875,200,10,0.008585631847381592,-0.006446123123168945,0.0010697543621063232
571295641,25,10,-0.0065544843673706055,0.0008029341697691761,-0.0028757750988007147
571314481,10,10,0.004967927932739258,-0.009547054767608643,-0.0022895634174346924
571396942,10,10,-0.001541435718536266,-0.025909364223480225,-0.013725399971008245
571426284,10,10,0.005524098873138428,-0.0359271764755249,-0.015201538801193237
571427524,200,50,0.012875556945800781,0.056610822677612305,0.03474318981170654
571435969,10,10,-0.015231072902679221,-0.014400839805603027,-0.014815956354141124
571442534,50,50,0.001146078109741211,-0.0037088990211486816,-0.0012814104557037354
571450870,50,25,0.04601246118545532,0.06198465824127186,0.05399855971336359
571508482,10,25,0.006598174571991189,0.01975327730178844,0.013175725936889815
571516327,10,100,-0.02265024185180664,0.023887991905212402,0.0006188750267028809
571517193,10,10,-0.003011763095855602,0.003364861011505127,0.00017654895782476254
571520445,50,50,-0.00025534629821777344,0.04424232244491577,0.021993488073349
571525618,25,10,0.00820624828338612,0.019471704959869385,0.013838976621627752
571654895,25,10,-0.006458401679992565,-0.02254343032836903,-0.014500916004180797
571659461,50,25,0.03765922784805298,-0.04102492332458496,-0.0016828477382659912
571700636,10,10,0.001243889331817627,-0.009347856044769398,-0.004051983356475886
571709783,10,10,0.014022052288055642,-0.02968519926071178,-0.00783157348632807
571718621,25,50,0.057993173599243275,0.046741485595703125,0.0523673295974732
571735073,500,25,0.0206351876258849,0.05299639701843262,0.03681579232215876
571939040,50,10,0.033475637435912975,-0.009032964706420787,0.012221336364746094
572375809,25,10,0.020083487033843883,-0.009330570697784535,0.005376458168029674
572376830,25,10,-0.004759132862090953,-0.029496312141418346,-0.01712772250175465
572410577,10,10,0.004854142665863148,-0.013108015060424805,-0.004126936197280828
572416871,50,10,-0.056407570838928334,-0.011626183986663818,-0.034016877412796076
572424901,10,10,-0.005731165409088024,-0.0009663105010986328,-0.0033487379550933283
572609025,10,10,0.017046630382537953,-0.040863633155822865,-0.011908501386642456
572609644,25,10,0.033243000507354625,-0.020417988300323597,0.006412506103515514
572804610,10,200,-0.02067399024963379,-0.09007591009140015,-0.05537495017051697
572827931,10,10,0.008474230766296387,-0.035845696926117165,-0.01368573307991039
572996777,25,25,0.009400665760040283,0.08935856819152832,0.0493796169757843
573086094,25,500,0.04195678234100342,0.02337014675140403,0.032663464546203724
573105010,25,25,0.02301460504531838,-0.019636869430542103,0.0016888678073881391
573404307,10,10,-0.03397643566131592,-0.03685474395751964,-0.03541558980941778
573410831,10,50,0.014429807662963867,0.015435874462127797,0.014932841062545832
573622646,10,10,-0.03822857141494751,0.003448009490966797,-0.017390280961990356
573660880,25,50,0.021052956581115834,0.04924118518829346,0.035147070884704645
573680326,100,10,0.0293540358543396,-0.05080538988113403,-0.010725677013397217
573685602,50,25,-0.0038435459136964,0.026669144630432018,0.011412799358367809
573976402,10,10,-0.009188532829284446,-0.017232656478881836,-0.013210594654083141
574038330,50,25,0.034904658794402854,0.020730555057525524,0.02781760692596419
574734127,10,10,0.01510477066040039,-0.005189239978790172,0.004957765340805109
574992320,10,10,0.01351463794708263,-0.03207486867904685,-0.009280115365982111
575200757,25,50,-0.005950331687927135,0.05997031927108776,0.02700999379158031
575201827,10,25,-0.060400187969207764,-0.01708221435546886,-0.03874120116233831
575299891,25,25,0.013032615184783936,0.023012518882751465,0.0180225670337677
575637715,25,10,0.012109875679016224,-0.010674476623535045,0.0007176995277405895
575642695,10,25,-0.03685653209686279,0.018309950828552357,-0.009273290634155218
575774870,10,10,-0.013677000999450573,-0.010096251964569203,-0.011886626482009888
575782162,10,10,-0.013088583946228027,-0.01732170581817638,-0.015205144882202204
575919223,50,10,0.05174863338470481,-0.018891751766204723,0.016428440809250044
575920560,10,10,-0.019719362258911133,0.007364153861999623,-0.006177604198455755
575937040,10,500,-0.0036867260932923474,0.021755695343017578,0.009034484624862615
576084692,10,10,0.0004588961601256214,-0.010749101638793945,-0.005145102739334162
576090160,10,25,0.01306694746017456,0.00041204690933216437,0.0067394971847533625
576095991,10,100,0.012890875339507946,0.00828099250793457,0.010585933923721258
576107598,25,10,-0.07707607746124268,-0.06448459625244152,-0.0707803368568421
576112128,10,200,-0.08492165803909302,0.04294401407241821,-0.020988821983337402
576113488,50,10,0.019351303577423207,-0.04760938882827759,-0.01412904262542719
576117916,10,10,-3.278255462535462e-06,-0.009842753410339244,-0.00492301583290089
576132767,25,10,-0.13079917430877697,-0.007953882217407227,-0.0693765282630921
576132827,10,10,-0.021252691745758168,-0.007069230079650768,-0.014160960912704468
576136807,200,100,0.00316530466079723,0.07818657159805298,0.040675938129425104
576336240,10,10,-0.03067880868911732,-0.04341560602188099,-0.03704720735549916
576768088,50,100,-0.05853253602981556,-0.03883880376815796,-0.04868566989898676
577218602,10,25,0.0022338032722474255,0.06789022684097279,0.03506201505661011
577218818,10,10,-0.04380893707275402,0.008755147457122803,-0.017526894807815607
577369606,10,10,-0.009926915168762207,-0.023070573806762584,-0.016498744487762396
578485753,50,10,0.03047996759414684,-0.001844942569732777,0.014317512512207031
578517537,50,25,0.04597640037536643,-0.009977757930755615,0.01799932122230541
578774163,10,10,-0.06074631214141846,-0.006330013275146373,-0.033538162708282415
578898150,25,10,0.012025535106659158,-0.012659430503845104,-0.0003169476985929731
578909807,10,10,-0.035595834255218395,-0.03601771593093883,-0.03580677509307861
578929342,10,50,-0.008235931396484375,0.014097154140472412,0.0029306113719940186
578938153,25,10,0.014681756496429665,0.008311629295349121,0.011496692895889393
578938449,25,100,0.008195936679840088,0.00889897346496582,0.008547455072402954
579263604,50,10,0.021126925945281982,-0.2064974308013916,-0.09268525242805481
579414994,10,10,0.0001868009567259632,-0.02983433008193981,-0.014823764562606923
579611597,10,10,-0.03452986478805564,-0.0034707188606259987,-0.01900029182434082
579626068,25,10,0.04930227994918823,-0.05880337953567527,-0.004750549793243519
579627022,10,10,-0.03140252828598,-0.011121988296508789,-0.021262258291244396
579652000,25,50,0.03523892164230347,0.014593780040740856,0.02491635084152216
579660456,25,10,0.013805031776428112,-0.005154132843017578,0.004325449466705267
579662784,10,10,-0.014692723751068226,-0.0026387572288512073,-0.008665740489959717
579662957,10,10,-0.00826662778854359,-0.005032062530517578,-0.006649345159530584
579672464,10,10,-0.024767398834228627,-0.04285866022109974,-0.033813029527664185
579981789,25,25,-0.06767648458480846,-0.1412852406501769,-0.10448086261749268
580005568,25,10,0.08916926383972179,-0.06331199407577504,0.012928634881973378
580007431,50,500,-0.028871238231658936,0.14587897062301647,0.058503866195678766
580010290,25,10,0.01637309789657604,-0.002023637294769287,0.007174730300903376
580014328,10,10,0.018101751804351807,-0.013141870498657227,0.00247994065284729
580145037,10,10,-0.003924548625946045,6.210803985606805e-05,-0.0019312202930449884
580149939,100,25,-0.005559563636779785,0.026385843753814697,0.010413140058517456
580194100,500,10,0.04779911041259777,-0.00458681583404541,0.02160614728927618
580203028,25,10,-0.021069586277008168,-0.008949518203735463,-0.015009552240371815
580212997,10,10,0.006432354450226052,-0.04390859603881836,-0.018738120794296154
580236419,25,25,-0.0023100972175598145,0.018239378929138184,0.007964640855789185
580537822,25,10,0.03702425956726074,0.013102531433105358,0.02506339550018305
580624725,25,50,0.04948544502258312,-0.03751397132873546,0.005985736846923828
580895033,10,10,-0.026433348655700573,0.00041562318801879883,-0.013008862733840887
581020172,10,10,-0.013271570205688588,-0.013518571853637584,-0.013395071029663086
581058351,50,10,0.03463858366012562,-0.0515042543411256,-0.008432835340499989
581058864,25,10,-0.07301771640777588,-0.01948648691177357,-0.046252101659774725
581138223,10,50,-0.07707041501998901,0.014520704746246227,-0.03127485513687139
581153862,25,10,-0.07289010286331177,-0.0355566143989563,-0.05422335863113403
581404810,10,10,-0.008650124073028564,-0.025445640087127686,-0.017047882080078125
582613001,10,10,-0.013016879558563232,-0.0014962553977966309,-0.007256567478179932
582632160,25,25,-0.0035629868507384144,0.005043447017669789,0.0007402300834656872
582644266,10,10,-0.0036687850952148438,-0.10162383317947388,-0.05264630913734436
582778095,10,10,-0.04033100605010964,-0.00900125503540039,-0.024666130542755016
582857314,10,10,-0.04488241672515858,-0.018072724342346413,-0.0314775705337525
582917630,25,10,0.02546757459640525,-0.052547097206115834,-0.013539761304855291
583138230,10,10,-0.009892940521240345,-0.011453449726104625,-0.010673195123672485
583138568,10,10,-0.028113484382629395,-0.010649681091308594,-0.019381582736968994
583140327,10,10,-0.010981976985931285,0.003270864486694336,-0.0038555562496184748
583142588,25,10,-0.010820031166076882,-0.0007168650627137341,-0.005768448114395308
583146274,10,10,0.00368332862854015,-0.007780551910400391,-0.0020486116409301203
583148615,50,10,-0.038532137870788574,0.010808229446411244,-0.013861954212188665
583403073,25,25,0.003719508647918812,-0.003764927387237438,-2.2709369659312806e-05
583804033,10,50,0.0007162094116212048,-0.00878000259399403,-0.004031896591186412
583804142,10,10,-0.03456193208694458,-0.005924820899963379,-0.02024337649345398
583817628,100,10,0.040673255920410045,-0.0036023855209348365,0.018535435199737604
583822407,10,10,0.0013061165809631348,-0.0032243728637695312,-0.0009591281414031982
583836069,10,200,-0.006536960601806641,0.015875518321991078,0.004669278860092219
584215214,10,25,-0.035742104053497314,0.018684208393097035,-0.00852894783020014
584219169,10,10,-0.0006093978881835938,-0.00900244712829601,-0.004805922508239802
584271064,25,100,0.0009124279022216797,0.016307294368743896,0.008609861135482788
584561230,25,10,0.033881545066833385,-0.002636432647705078,0.015622556209564153
584587128,10,10,-0.006602346897125355,0.004385650157928467,-0.0011083483695984442
584637407,25,25,0.02188849449157715,0.020646214485168568,0.021267354488372858
584664194,25,10,0.007027149200439564,-0.0023810863494871937,0.0023230314254761852
584671501,10,10,-0.016157627105713,-0.0019643306732177734,-0.009060978889465388
584872371,25,100,0.0066950321197508655,0.004682660102844349,0.005688846111297607
585018101,10,10,-0.005955457687378041,-0.010217368602752797,-0.008086413145065419
585080288,25,25,0.013501286506652832,0.03392249345779419,0.02371188998222351
585740198,25,10,0.0157853364944458,-0.01879441738128662,-0.0015045404434204102
585753841,10,10,-0.01594078540802002,-0.03893500566482533,-0.027437895536422674
585805211,10,25,-0.008544564247131237,-0.0019707083702087402,-0.0052576363086699884
585832440,10,25,0.00394761562347401,0.006264626979827992,0.005106121301651001
585859704,50,10,-0.012486457824707142,-0.019927859306335338,-0.01620715856552124
585908787,10,25,-0.000648498535156361,0.016406297683716042,0.00787889957427984
585929192,10,10,-0.0038487911224364124,0.0008015036582947888,-0.0015236437320708118
585944237,25,10,0.01487851142883323,-0.027282118797302246,-0.006201803684234508
585946742,10,25,-0.003943741321563832,-0.020019590854644775,-0.011981666088104304
585947309,10,10,0.006905853748321533,0.007136285305023193,0.007021069526672363
585948651,10,10,-0.0312005877494812,-0.017735004425048828,-0.024467796087265015
585951863,10,10,-0.011911153793334961,-0.010212659835815208,-0.011061906814575084
585952606,10,10,0.015505254268646351,-0.035991013050079235,-0.010242879390716442
585955070,10,10,0.006819725036620983,0.0015780329704285778,0.00419887900352478
586070820,10,10,-0.04484653472900402,-0.013699233531951793,-0.029272884130477905
586071425,10,25,-0.01989811658859264,-0.0027274489402769886,-0.011312782764434814
586072188,10,25,0.012999892234802357,0.022278726100921742,0.01763930916786205
586072464,25,10,0.018005967140197754,-0.02068561315536499,-0.0013398230075836182
586072783,10,10,-0.011299371719360463,-0.011655807495117188,-0.011477589607238825
586073850,10,25,-0.010470986366271973,-0.0010738372802734375,-0.005772411823272705
586074009,10,10,-0.06995058059692372,-0.00855606794357322,-0.03925332427024847
586358539,10,10,-0.018438398838043213,-0.04997003078460682,-0.03420421481132502
586366106,10,10,-0.008897542953491211,-0.0036756396293640137,-0.006286591291427612
586517633,10,10,0.0022189021110532448,0.012537479400634766,0.007378190755844005
586559181,25,25,-0.07606726884841908,-0.016748964786529652,-0.046408116817474365
586566174,10,10,0.004044771194458008,-0.03969383239746094,-0.017824530601501465
587064346,10,50,-0.096335530281067,-0.05263268947601307,-0.07448410987854004
587077323,25,25,-0.006554484367370383,0.025730907917022816,0.009588211774826216
587096515,100,25,0.05778759717941284,0.0282493233680724,0.04301846027374262
588695976,25,10,-0.0051427483558653675,0.013077318668365479,0.0039672851562500555
588699048,10,10,-0.00015455484390236585,-0.0024297237396240234,-0.0012921392917631946
588711875,50,100,0.0345916748046875,-0.029647886753082275,0.0024718940258026123
588729065,25,50,0.02177870273590099,-0.009132087230682373,0.0063233077526093084
589128508,10,25,-0.02132660150527943,-0.02117222547531128,-0.021249413490295355
589427013,10,10,-0.013192176818847545,-0.014306306838989258,-0.013749241828918402
589427435,10,10,0.013715982437133678,-0.009179115295410156,0.002268433570861761
589442285,10,100,-0.23183280229568481,0.00593423843383778,-0.11294928193092352
589452470,25,10,0.011497557163238414,-0.006173431873321533,0.0026620626449584406
589760138,10,10,0.0020135045051573597,0.006922602653503529,0.004468053579330444
589764355,10,25,-0.016292572021484375,0.02748441696166981,0.005595922470092718
590556221,10,50,-0.013177573680877575,-0.007227420806884877,-0.010202497243881226
590558808,100,50,-0.026568710803985485,-0.027045845985412598,-0.02680727839469904
590876255,10,10,0.010219454765319824,-0.0043225884437561035,0.0029484331607818604
590932287,10,10,-0.025809288024902344,-0.003769218921661377,-0.01478925347328186
590975447,10,10,-0.004302203655243031,-0.006890535354614369,-0.0055963695049287
591265629,10,100,-0.0044692158699035645,0.007928013801574818,0.0017293989658356268
591396115,10,10,-0.001095592975616566,0.016472876071930043,0.007688641548156738
591616101,50,10,-0.011280357837677002,0.0016030073165894665,-0.004838675260543768
591622050,10,25,0.018418967723846436,0.028058946132660023,0.02323895692825323
591626585,25,50,0.024092376232147217,-0.02864319086074818,-0.0022754073143004816
591627904,10,10,-0.06465405225753795,-0.022672176361083984,-0.04366311430931097
591748519,10,10,0.00288236141204834,-0.012722909450531006,-0.004920274019241333
592483575,10,50,-0.0009281039237976074,0.010607063770294411,0.004839479923248402
592816620,100,25,0.023043811321258545,-0.0010117888450622559,0.011016011238098145
592819166,50,10,0.0047248005867004395,-0.014694154262542614,-0.004984676837921087
592833901,50,10,0.032701730728149414,0.0019389986991884545,0.017320364713668934
592868444,10,10,0.008228123188018799,0.007711529731750488,0.007969826459884644
592960350,10,25,-0.05337709188461304,-0.01533097028732322,-0.03435403108596813
593312295,50,25,-0.018211483955383412,0.006388187408447266,-0.005911648273468073
593312584,10,10,-0.004224002361297607,0.0125105381011964,0.004143267869949396
593398067,10,25,-0.004294753074645996,0.08068287372589111,0.03819406032562256
593436526,50,10,0.04740381240844738,-0.03286153078079235,0.007271140813827515
593453795,10,25,-0.00048184394836436883,0.01093745231628429,0.005227804183959961
593579697,10,10,0.0005747079849242054,-0.005172908306121604,-0.0022991001605986994
593618144,10,10,-0.003294706344604603,-0.04725199937820446,-0.02527335286140453
593646579,25,10,0.00886625051498402,0.010903000831604004,0.009884625673294012
594047832,25,10,0.010636329650878795,-0.00885683298110962,0.000889748334884588
594091004,10,10,-0.023305833339691273,-0.003417193889617809,-0.013361513614654541
594480606,10,10,-0.007870793342590221,-0.06872105598449696,-0.03829592466354359
594589186,50,10,0.039122939109802246,-0.032246649265289196,0.0034381449222565252
595511209,10,10,-0.015915513038635143,-0.00318664312362682,-0.009551078081130981
596020931,10,10,-0.015824437141418457,-0.0032315850257873535,-0.009528011083602905
596036453,10,10,-0.003828287124633678,-0.04666787385940541,-0.025248080492019542
596052605,50,500,0.11220908164978038,0.02384066581726063,0.06802487373352051
596213704,50,10,0.041575133800506814,-0.010065019130706787,0.015755057334900013
596282602,25,10,0.0056092143058775745,0.002908051013946422,0.004258632659911998
596609577,10,10,-0.03817725181579579,-0.03475153446197521,-0.0364643931388855
596619013,10,10,-0.0016404390335084118,-0.008973658084869607,-0.005307048559189009
596789749,25,10,0.026849210262298584,0.013611137866973988,0.020230174064636286
596808392,25,200,0.007790029048919789,0.016942203044891357,0.012366116046905573
596808442,50,100,0.023679912090301514,-0.019101440906524658,0.0022892355918884277
598631490,50,50,-0.06484609842300404,0.050822079181671254,-0.007012009620666393
599170940,10,10,-0.0038534998893740013,-0.0014323592185976342,-0.0026429295539858177
599177740,100,10,0.06558310985565208,-0.04083108901977561,0.012376010417938232
599434799,10,10,-0.027864933013916016,0.012005388736724965,-0.007929772138595526
601958555,10,10,-0.102411389350891,-0.02650463581085205,-0.06445801258087153
603402458,25,25,0.002996802330016979,0.025340378284454346,0.014168590307235662
603411614,10,10,-0.03451800346374523,-0.005029439926147461,-0.019773721694946345
603502705,10,25,-0.028609812259674072,-0.023753821849822887,-0.02618181705474848
604134393,25,10,0.025871396064758412,0.0037311315536500134,0.014801263809204213
605141937,10,25,0.008644759654998668,0.02409428358078003,0.01636952161788935
605660220,100,25,-0.06769371032714844,-0.032849133014678844,-0.05027142167091364
605690670,10,10,-0.00818777084350597,-0.017714262008666992,-0.012951016426086481
605889373,50,10,0.011860132217407116,-0.017859160900116078,-0.002999514341354481
606245618,25,10,0.04904603958129872,-0.07096600532531738,-0.010959982872009333
606517484,10,10,-0.01888817548751842,-0.04126793146133412,-0.03007805347442627
608108585,10,200,-0.10182332992553711,0.10496497154235851,0.0015708208084107
609183903,10,10,-0.001160264015197865,-0.005235016345977894,-0.0031976401805878796
609435731,10,10,-0.018452227115631215,-0.010899603366851585,-0.0146759152412414
609485897,25,10,0.012996792793274037,-0.012174427509307861,0.00041118264198308774
609713212,10,10,-0.0212574601173402,-0.009966135025024414,-0.015611797571182306
609775336,10,10,-0.021362483501434326,-0.02316272258758556,-0.022262603044509943
614230805,100,50,-0.003289818763732799,-0.04048895835876465,-0.021889388561248724
614767057,10,10,-0.033894360065460205,0.004121005535125621,-0.014886677265167292
614777438,50,10,-0.008758485317230225,0.00044065713882435187,-0.004158914089202936
617745241,10,10,-0.039608418941498025,-0.006652712821960449,-0.023130565881729237
623379534,25,25,0.023928046226501687,-0.0069762468338011585,0.008475899696350264
623427407,25,10,0.14747083187103271,-0.04038733243942272,0.053541749715805
623474400,50,25,0.061531782150268555,-0.03879350423812877,0.01136913895606989
623893177,100,50,0.022789716720580944,-0.059146344661712535,-0.018178313970565796
623960880,25,10,0.018489539623260387,-0.001960575580596813,0.008264482021331787
626158872,50,10,0.009848594665527344,-0.008108556270599254,0.0008700191974640448
628700262,25,500,0.10340327024459828,0.07031893730163585,0.08686110377311707
