session_id,state,target,rho,p,n,full_logloss
sub-Cori_ses-20161214T120000,baseline,choice,-0.05263649556364532,0.08323554318927257,1084,1.7404667054756149
sub-Cori_ses-20161214T120000,baseline,engagement,0.06561354208077681,0.030764462250959947,1084,0.1557392572609645
sub-Cori_ses-20161214T120000,baseline,outcome,0.010917812243639932,0.7195534059864579,1084,1.119524821549844
sub-Cori_ses-20161214T120000,decision,choice,0.004494267329356202,0.8825006238620564,1084,0.1232498095898029
sub-Cori_ses-20161214T120000,decision,engagement,0.07731106597214987,0.01088789061490431,1084,0.1993689920446434
sub-Cori_ses-20161214T120000,decision,outcome,-0.018307070734511467,0.5471076542141319,1084,0.7597034937066581
sub-Cori_ses-20161214T120000,movement,choice,-0.018704084215977624,0.5384493993856275,1084,0.2428447791074913
sub-Cori_ses-20161214T120000,movement,engagement,0.09699926667210453,0.0013863558238188423,1084,0.1583388127074332
sub-Cori_ses-20161214T120000,movement,outcome,0.018267731422793265,0.5479693163250371,1084,0.2707497337448942
sub-Cori_ses-20161214T120000,outcome,choice,0.020096706796915127,0.5086312654898505,1084,0.2166328850329014
sub-Cori_ses-20161214T120000,outcome,engagement,0.12777875807900213,2.448869296941901e-05,1084,0.1130515783322696
sub-Cori_ses-20161214T120000,outcome,outcome,-0.018746295127037703,0.537532897026394,1084,0.0976450236710439
sub-Cori_ses-20161214T120000,visual,choice,-0.07142627136992774,0.01867574323927515,1084,1.1466980616134037
sub-Cori_ses-20161214T120000,visual,engagement,0.10871846773083844,0.00033583044742437697,1084,0.1307851764381554
sub-Cori_ses-20161214T120000,visual,outcome,-0.02846275455657776,0.3491596022257277,1084,1.0666710406283566
sub-Cori_ses-20161217T120000,baseline,choice,0.0017193340274062662,0.9536367228889727,1146,1.9326124290908704
sub-Cori_ses-20161217T120000,baseline,engagement,0.046804799917626295,0.11328386805913088,1146,0.2988276031709548
sub-Cori_ses-20161217T120000,baseline,outcome,0.010452563655789683,0.7237359752030061,1146,1.1278609520628688
sub-Cori_ses-20161217T120000,decision,choice,-0.044991747166493526,0.12795965234248258,1146,0.2550933460417633
sub-Cori_ses-20161217T120000,decision,engagement,0.05323259311066636,0.07164402324352355,1146,0.2752149631919153
sub-Cori_ses-20161217T120000,decision,outcome,-0.024118095858535173,0.41467836308100603,1146,0.935191435355035
sub-Cori_ses-20161217T120000,movement,choice,-0.0359586475296311,0.22384802952192304,1146,0.2502419722061538
sub-Cori_ses-20161217T120000,movement,engagement,0.12912642528613408,1.1605686688327853e-05,1146,0.2189708792975598
sub-Cori_ses-20161217T120000,movement,outcome,0.052591230799677785,0.07513493114956163,1146,0.3436680697477142
sub-Cori_ses-20161217T120000,outcome,choice,-0.10613326468272802,0.0003192737260422289,1146,0.3378831591070815
sub-Cori_ses-20161217T120000,outcome,engagement,0.0764744661919936,0.00960235429113012,1146,0.2270378568243155
sub-Cori_ses-20161217T120000,outcome,outcome,0.01689930631209448,0.5676591894592806,1146,0.150530144417755
sub-Cori_ses-20161217T120000,visual,choice,-0.05412816790961706,0.06699260474285475,1146,1.3365128421037178
sub-Cori_ses-20161217T120000,visual,engagement,0.07223655045981536,0.014448151444273055,1146,0.3846138832753422
sub-Cori_ses-20161217T120000,visual,outcome,-0.005398255893511304,0.8551534610902431,1146,1.0145477621596115
sub-Cori_ses-20161218T120000,baseline,choice,0.030891322840941877,0.3093392594982968,1085,2.041717062037338
sub-Cori_ses-20161218T120000,baseline,engagement,0.07951824403554096,0.008782425622175405,1085,0.170462719382057
sub-Cori_ses-20161218T120000,baseline,outcome,-0.07932219809335446,0.008950775143102354,1085,0.9319517108320372
sub-Cori_ses-20161218T120000,decision,choice,0.003396276004134415,0.9110276166663418,1085,0.2947551942175471
sub-Cori_ses-20161218T120000,decision,engagement,0.07674199689826464,0.01145032854348703,1085,0.2294732691421324
sub-Cori_ses-20161218T120000,decision,outcome,-0.06266535247980821,0.03903625516945891,1085,0.8392130775000253
sub-Cori_ses-20161218T120000,movement,choice,0.057161349433609995,0.05980536800448533,1085,0.2243273120477193
sub-Cori_ses-20161218T120000,movement,engagement,0.14789886154768983,9.930666793414953e-07,1085,0.1287407215896518
sub-Cori_ses-20161218T120000,movement,outcome,0.13546164283139003,7.551279494657033e-06,1085,0.0105448932402682
sub-Cori_ses-20161218T120000,outcome,choice,0.052109287569281966,0.08622931041610712,1085,0.2872961101240359
sub-Cori_ses-20161218T120000,outcome,engagement,0.12779371622322197,2.4224117026256884e-05,1085,0.1078185394315093
sub-Cori_ses-20161218T120000,outcome,outcome,0.19132101349738168,2.104680996916231e-10,1085,0.006990341507013
sub-Cori_ses-20161218T120000,visual,choice,-0.14075261280049994,3.253336857515836e-06,1085,1.3557919077268337
sub-Cori_ses-20161218T120000,visual,engagement,0.09688378099092604,0.0013976882354221282,1085,0.1805867201682423
sub-Cori_ses-20161218T120000,visual,outcome,-0.054350417876076966,0.0735301482178186,1085,1.298294060216705
sub-Forssmann_ses-20171101T120000,baseline,choice,-0.1336024754351121,1.0752470972187879e-09,2067,1.6017256000126814
sub-Forssmann_ses-20171101T120000,baseline,engagement,0.017090629933689577,0.43739495714686494,2067,0.1934164531648144
sub-Forssmann_ses-20171101T120000,baseline,outcome,-0.0967784052417516,1.044994546216734e-05,2067,1.110296675168288
sub-Forssmann_ses-20171101T120000,decision,choice,-0.05432471678655928,0.013505120744377852,2067,0.1037277718502727
sub-Forssmann_ses-20171101T120000,decision,engagement,0.031801558160435874,0.1483664413564813,2067,0.2153282313536883
sub-Forssmann_ses-20171101T120000,decision,outcome,-0.15456941574717892,1.5988070989842467e-12,2067,0.8828835207050677
sub-Forssmann_ses-20171101T120000,movement,choice,0.03110558757482322,0.15745602996104535,2067,0.1219024071976443
sub-Forssmann_ses-20171101T120000,movement,engagement,0.100702281176314,4.491201494180046e-06,2067,0.1645825418273689
sub-Forssmann_ses-20171101T120000,movement,outcome,-0.09922735934278455,6.191894045177923e-06,2067,0.2317477567379553
sub-Forssmann_ses-20171101T120000,outcome,choice,0.036001754475118344,0.10176972895917032,2067,0.1725531439939536
sub-Forssmann_ses-20171101T120000,outcome,engagement,0.15699271454697694,7.084566419194068e-13,2067,0.1675099699162817
sub-Forssmann_ses-20171101T120000,outcome,outcome,-0.11417834156173776,1.9407556765676324e-07,2067,0.1417709847364185
sub-Forssmann_ses-20171101T120000,visual,choice,-0.04679667348151065,0.03338227808490432,2067,1.127981651345249
sub-Forssmann_ses-20171101T120000,visual,engagement,0.02866217681681165,0.19271670930263332,2067,0.1984218782335427
sub-Forssmann_ses-20171101T120000,visual,outcome,-0.09570266748047929,1.3100061124122375e-05,2067,0.983120073425044
sub-Forssmann_ses-20171102T120000,baseline,choice,-0.01496079858193248,0.5539919013780958,1567,1.687323323102388
sub-Forssmann_ses-20171102T120000,baseline,engagement,0.08662586790799323,0.0005973088269934574,1567,0.16021763451572
sub-Forssmann_ses-20171102T120000,baseline,outcome,-0.05063271317654317,0.04507009143693734,1567,1.0031357898163191
sub-Forssmann_ses-20171102T120000,decision,choice,0.07410562273954771,0.0033334070941269524,1567,0.0839673610667941
sub-Forssmann_ses-20171102T120000,decision,engagement,0.16367720433615343,7.12260026071882e-11,1567,0.1410764863915928
sub-Forssmann_ses-20171102T120000,decision,outcome,-0.06493199325181333,0.010140004384790055,1567,0.8347024574557318
sub-Forssmann_ses-20171102T120000,movement,choice,0.0053448878463414175,0.8325658473872255,1567,0.1281694949957775
sub-Forssmann_ses-20171102T120000,movement,engagement,0.12094018752063139,1.5766071336567047e-06,1567,0.1215636301105406
sub-Forssmann_ses-20171102T120000,movement,outcome,-0.08454320271306859,0.0008081137561300052,1567,0.1164981960675134
sub-Forssmann_ses-20171102T120000,outcome,choice,0.013062048243156975,0.6053829202728572,1567,0.1948629037141236
sub-Forssmann_ses-20171102T120000,outcome,engagement,0.13933476448048487,3.0550984882567146e-08,1567,0.1279877728616985
sub-Forssmann_ses-20171102T120000,outcome,outcome,-0.04554980193456888,0.07145079948485485,1567,0.0698579751131545
sub-Forssmann_ses-20171102T120000,visual,choice,-0.06269002142096111,0.013062243108385224,1567,1.0178187222032384
sub-Forssmann_ses-20171102T120000,visual,engagement,0.10337254628842449,4.13578108674025e-05,1567,0.1711586705292669
sub-Forssmann_ses-20171102T120000,visual,outcome,-0.014524558559552939,0.5656083697748362,1567,1.087864837290772
sub-Forssmann_ses-20171104T120000,baseline,choice,-0.045951656128280054,0.08194551544198135,1434,1.8759180567401128
sub-Forssmann_ses-20171104T120000,baseline,outcome,0.016611665448762084,0.5296446502439226,1434,1.101867815813905
sub-Forssmann_ses-20171104T120000,decision,choice,0.12181179278630308,3.7278441266539225e-06,1434,0.0973715856925653
sub-Forssmann_ses-20171104T120000,decision,outcome,-0.0372589892299568,0.15848363640068128,1434,0.9869291692405688
sub-Forssmann_ses-20171104T120000,movement,choice,0.155256994070214,3.4201315549617142e-09,1434,0.1023749136978868
sub-Forssmann_ses-20171104T120000,movement,outcome,0.08372849369546707,0.0015063605549760694,1434,0.0392904468100781
sub-Forssmann_ses-20171104T120000,outcome,choice,0.10838624963600449,3.906624602559435e-05,1434,0.1120031112613346
sub-Forssmann_ses-20171104T120000,outcome,outcome,0.0966413073017185,0.00024731768754927705,1434,0.017480156618958
sub-Forssmann_ses-20171104T120000,visual,choice,0.0001898129408801596,0.9942699575459188,1434,1.0171821646124994
sub-Forssmann_ses-20171104T120000,visual,outcome,-0.042994544894902884,0.1036397629678176,1434,0.9955361901790089
sub-Forssmann_ses-20171105T120000,baseline,choice,-0.021853986080635327,0.4841884758807875,1027,1.5960551164488503
sub-Forssmann_ses-20171105T120000,baseline,engagement,0.10455166740338498,0.0007917278635376523,1027,0.0617574749637808
sub-Forssmann_ses-20171105T120000,baseline,outcome,-0.06215263739575335,0.04644841869712004,1027,1.1140929333273852
sub-Forssmann_ses-20171105T120000,decision,choice,0.0779902528056413,0.012415606367942488,1027,0.1751146333142021
sub-Forssmann_ses-20171105T120000,decision,engagement,0.2565187588630824,6.784642478875153e-17,1027,0.055363654145038
sub-Forssmann_ses-20171105T120000,decision,outcome,0.025347720154452455,0.4171041526672741,1027,0.910047729837494
sub-Forssmann_ses-20171105T120000,movement,choice,0.17115102243953745,3.4105009045849496e-08,1027,0.1716624861027893
sub-Forssmann_ses-20171105T120000,movement,engagement,0.2399857382939991,6.409426784401591e-15,1027,0.06876933813043
sub-Forssmann_ses-20171105T120000,movement,outcome,0.08805832341950925,0.004742219044305481,1027,0.1666886647909304
sub-Forssmann_ses-20171105T120000,outcome,choice,0.19678727624984357,2.004066687351842e-10,1027,0.2503756091883746
sub-Forssmann_ses-20171105T120000,outcome,engagement,0.23164963516232037,5.6014642142556616e-14,1027,0.0567773468302431
sub-Forssmann_ses-20171105T120000,outcome,outcome,0.06918582178458375,0.02661325319145499,1027,0.0467292087761315
sub-Forssmann_ses-20171105T120000,visual,choice,-0.00982115962276748,0.7532465494812077,1027,1.2054203452177066
sub-Forssmann_ses-20171105T120000,visual,engagement,0.12974843323200994,3.0379240500367442e-05,1027,0.0808312276527283
sub-Forssmann_ses-20171105T120000,visual,outcome,-0.019787955278194082,0.5264520956740618,1027,1.2054967506812453
sub-Hench_ses-20170615T120000,baseline,choice,-0.07732148743653766,0.0014530831902061433,1693,1.3504118056824763
sub-Hench_ses-20170615T120000,baseline,engagement,0.046496208685846724,0.05577900630804999,1693,0.1272635376841671
sub-Hench_ses-20170615T120000,baseline,outcome,-0.06590251056267211,0.006676238079256445,1693,0.9912545676061878
sub-Hench_ses-20170615T120000,decision,choice,-0.015664426078059724,0.5195149844854815,1693,0.1313413805783348
sub-Hench_ses-20170615T120000,decision,engagement,0.14952938592641024,6.297677640336302e-10,1693,0.1074732324941183
sub-Hench_ses-20170615T120000,decision,outcome,-0.09281355917305234,0.0001311170494495987,1693,0.897084676923161
sub-Hench_ses-20170615T120000,movement,choice,-0.04333708124564315,0.07463978250882118,1693,0.115701495378562
sub-Hench_ses-20170615T120000,movement,engagement,0.11472333656778899,2.21703438880231e-06,1693,0.0667327824009098
sub-Hench_ses-20170615T120000,movement,outcome,-0.05673471578388787,0.019566022646029954,1693,0.0903582117857758
sub-Hench_ses-20170615T120000,outcome,choice,-0.047370423691851536,0.051323886772333314,1693,0.1200588450835347
sub-Hench_ses-20170615T120000,outcome,engagement,-0.02182465281373076,0.36948280275236434,1693,0.0694293586337033
sub-Hench_ses-20170615T120000,outcome,outcome,-0.0002235226853232745,0.9926673128403574,1693,0.0376765739521397
sub-Hench_ses-20170615T120000,visual,choice,-0.10050923178496456,3.4278996530980246e-05,1693,0.7906725562200179
sub-Hench_ses-20170615T120000,visual,engagement,0.12675415000156812,1.6704916833261645e-07,1693,0.1523992556363714
sub-Hench_ses-20170615T120000,visual,outcome,-0.05815203645474382,0.016711862977328105,1693,0.9489400940196056
sub-Hench_ses-20170616T120000,baseline,choice,-0.06222989551582991,0.021634203238682093,1362,1.735414744733675
sub-Hench_ses-20170616T120000,baseline,engagement,0.05294850919158777,0.05074189838008104,1362,0.1525174762800515
sub-Hench_ses-20170616T120000,baseline,outcome,-0.05567172538416751,0.03994785508118598,1362,1.2561067380594264
sub-Hench_ses-20170616T120000,decision,choice,0.04713599592405136,0.08204589612417386,1362,0.0870119829566338
sub-Hench_ses-20170616T120000,decision,engagement,0.1053479067914621,9.813072201379134e-05,1362,0.1465689236380725
sub-Hench_ses-20170616T120000,decision,outcome,-0.06777137320184426,0.012359792672370553,1362,0.8050226907560878
sub-Hench_ses-20170616T120000,movement,choice,-0.033768291957726154,0.21297029210505267,1362,0.1200018665300679
sub-Hench_ses-20170616T120000,movement,engagement,0.1553678384934151,8.23079895317369e-09,1362,0.1043395787179775
sub-Hench_ses-20170616T120000,movement,outcome,0.015600024396291021,0.5651359375607745,1362,0.0788011315725
sub-Hench_ses-20170616T120000,outcome,choice,0.011552820733768248,0.6701203192319563,1362,0.1515455115867691
sub-Hench_ses-20170616T120000,outcome,engagement,0.1485320685012708,3.646702237235247e-08,1362,0.08647420572632
sub-Hench_ses-20170616T120000,outcome,outcome,-0.007750416816196695,0.7750519846799149,1362,0.0346350768966952
sub-Hench_ses-20170616T120000,visual,choice,-0.06292748356484212,0.02020460831390702,1362,1.0268051848651525
sub-Hench_ses-20170616T120000,visual,engagement,0.06981767757059673,0.009954061534128878,1362,0.1982587482988851
sub-Hench_ses-20170616T120000,visual,outcome,-0.03599311817602162,0.18432787452103302,1362,0.8728049509838147
sub-Hench_ses-20170617T120000,baseline,choice,-0.07089193706558994,0.004695012722061962,1589,1.8940349422515848
sub-Hench_ses-20170617T120000,baseline,engagement,0.08573778896074961,0.0006231931289979149,1589,0.1025943213055676
sub-Hench_ses-20170617T120000,baseline,outcome,-0.005241726620993811,0.834616792657932,1589,1.0857806974970832
sub-Hench_ses-20170617T120000,decision,choice,0.02624351544028023,0.2957999199068438,1589,0.2054189351213486
sub-Hench_ses-20170617T120000,decision,engagement,0.12445788992321677,6.47010014634051e-07,1589,0.1312895619168944
sub-Hench_ses-20170617T120000,decision,outcome,-0.004162162650324378,0.868327429596708,1589,0.9936490088344818
sub-Hench_ses-20170617T120000,movement,choice,-0.10791505607764026,1.625564081399469e-05,1589,0.2435529263109183
sub-Hench_ses-20170617T120000,movement,engagement,0.11904884245552283,1.9479175787392264e-06,1589,0.0809249291816111
sub-Hench_ses-20170617T120000,movement,outcome,0.054652902156027194,0.029368668983020436,1589,0.0142316148351792
sub-Hench_ses-20170617T120000,outcome,choice,-0.06329507851781377,0.011615003693338052,1589,0.2646646690205037
sub-Hench_ses-20170617T120000,outcome,engagement,0.06124753040568209,0.014612763594189697,1589,0.0952156692966318
sub-Hench_ses-20170617T120000,outcome,outcome,-0.03129752571735718,0.2124290816863703,1589,0.0113206084240319
sub-Hench_ses-20170617T120000,visual,choice,-0.008958247421668349,0.7212249467143159,1589,1.501856278748239
sub-Hench_ses-20170617T120000,visual,engagement,0.06692445504191405,0.007615607066433901,1589,0.1723435970069017
sub-Hench_ses-20170617T120000,visual,outcome,-0.004216832211170464,0.8666140066499448,1589,1.429203492488088
sub-Hench_ses-20170618T120000,baseline,choice,-0.0058566571121285065,0.8265730898551076,1402,1.939107771216612
sub-Hench_ses-20170618T120000,baseline,engagement,0.20216585744826124,2.1379990300103165e-14,1402,0.0543996605185968
sub-Hench_ses-20170618T120000,baseline,outcome,-0.08453741257979522,0.001533816384548866,1402,0.9111328030425656
sub-Hench_ses-20170618T120000,decision,choice,-0.053678652772035755,0.04447761478912929,1402,0.0708374265488347
sub-Hench_ses-20170618T120000,decision,engagement,0.3372949101225399,1.2068595297222608e-38,1402,0.047078593799675
sub-Hench_ses-20170618T120000,decision,outcome,0.01002047584045449,0.7077539238874282,1402,0.686933011058103
sub-Hench_ses-20170618T120000,movement,choice,-0.15689965667783118,3.500568759375889e-09,1402,0.1120497594161785
sub-Hench_ses-20170618T120000,movement,engagement,0.3935945126569168,3.645531618475185e-53,1402,0.0251682621078224
sub-Hench_ses-20170618T120000,movement,outcome,0.08549303895038071,0.0013546039900105811,1402,0.0580080741710793
sub-Hench_ses-20170618T120000,outcome,choice,-0.17893766977915918,1.4930342489382253e-11,1402,0.1382915464113732
sub-Hench_ses-20170618T120000,outcome,engagement,0.3587232806309848,7.861574461364638e-44,1402,0.0194930671191204
sub-Hench_ses-20170618T120000,outcome,outcome,0.15590544940317574,4.402221605621778e-09,1402,0.0233119586046537
sub-Hench_ses-20170618T120000,visual,choice,-0.013257908614960238,0.6198952999777996,1402,0.8019579707374664
sub-Hench_ses-20170618T120000,visual,engagement,0.2756964693082095,7.116211892350939e-26,1402,0.0434638328001828
sub-Hench_ses-20170618T120000,visual,outcome,-0.08099235465295573,0.0024061367507150285,1402,1.1725334910906904
sub-Lederberg_ses-20171205T120000,baseline,choice,0.023443318937846153,0.4138687541485274,1217,1.960991904817584
sub-Lederberg_ses-20171205T120000,baseline,engagement,0.278341955315496,4.317898659609158e-23,1217,0.033347043296117
sub-Lederberg_ses-20171205T120000,baseline,outcome,-0.03819258619805958,0.18302942905822156,1217,0.9006293466244509
sub-Lederberg_ses-20171205T120000,decision,choice,0.11362158836516043,7.110831936556619e-05,1217,0.2822856547024361
sub-Lederberg_ses-20171205T120000,decision,engagement,0.2682546463729629,1.6716235440042586e-21,1217,0.0315758825229759
sub-Lederberg_ses-20171205T120000,decision,outcome,-0.08333154093955934,0.0036242636728402063,1217,0.6223851312638393
sub-Lederberg_ses-20171205T120000,movement,choice,0.21601417062460881,2.5735519954536155e-14,1217,0.2233586096452706
sub-Lederberg_ses-20171205T120000,movement,engagement,0.30233757435112285,3.843281910233821e-27,1217,0.0147290146670229
sub-Lederberg_ses-20171205T120000,movement,outcome,0.13400400076220362,2.716483233884751e-06,1217,0.0832074182188512
sub-Lederberg_ses-20171205T120000,outcome,choice,0.20130620514368755,1.3592691019706787e-12,1217,0.1727328120292391
sub-Lederberg_ses-20171205T120000,outcome,engagement,0.32925965641717014,3.6637075258424735e-32,1217,0.0093431476090512
sub-Lederberg_ses-20171205T120000,outcome,outcome,0.09005838673427127,0.001661446828883415,1217,0.0606072404874111
sub-Lederberg_ses-20171205T120000,visual,choice,0.023787686475412895,0.4070418566792636,1217,1.1786812586299722
sub-Lederberg_ses-20171205T120000,visual,engagement,0.1835751815475218,1.100593605203333e-10,1217,0.0528040112980868
sub-Lederberg_ses-20171205T120000,visual,outcome,-0.0018271360016079137,0.9492288874890054,1217,0.8286352843413158
sub-Lederberg_ses-20171206T120000,baseline,choice,0.025126584290475328,0.3724630875546251,1262,1.966919735679309
sub-Lederberg_ses-20171206T120000,baseline,engagement,0.14070547009022744,5.206462830130983e-07,1262,0.0341973536748852
sub-Lederberg_ses-20171206T120000,baseline,outcome,0.02587942852119199,0.3583047373209065,1262,0.8175409975281122
sub-Lederberg_ses-20171206T120000,decision,choice,0.025660118538048584,0.36239385150725156,1262,0.1641162090513867
sub-Lederberg_ses-20171206T120000,decision,engagement,0.09519732518798646,0.0007086973516037869,1262,0.0499359378634862
sub-Lederberg_ses-20171206T120000,decision,outcome,0.01974764705616923,0.4833646692836506,1262,0.5242613758971849
sub-Lederberg_ses-20171206T120000,movement,choice,0.06179218300631864,0.028158751027292723,1262,0.1797818856160999
sub-Lederberg_ses-20171206T120000,movement,engagement,0.06309936979578167,0.024987555330786303,1262,0.0472192447626427
sub-Lederberg_ses-20171206T120000,movement,outcome,0.07679066836403967,0.006347119226304129,1262,0.0381570358033814
sub-Lederberg_ses-20171206T120000,outcome,choice,0.08547963641286663,0.002372167471844794,1262,0.2270600046350961
sub-Lederberg_ses-20171206T120000,outcome,engagement,0.08086599198300261,0.004045431534343054,1262,0.0404037695117072
sub-Lederberg_ses-20171206T120000,outcome,outcome,0.11376031099479629,5.112040701308832e-05,1262,0.0468143734599718
sub-Lederberg_ses-20171206T120000,visual,choice,0.04140160886101595,0.1415752878426791,1262,0.8345336999885935
sub-Lederberg_ses-20171206T120000,visual,engagement,0.17217209310808881,7.445577680753853e-10,1262,0.0480982358701523
sub-Lederberg_ses-20171206T120000,visual,outcome,-0.016556163941183026,0.5567946339147215,1262,0.7684651539538013
sub-Lederberg_ses-20171207T120000,baseline,choice,-0.10246932845303787,0.0004132520317125341,1184,1.817999713875348
sub-Lederberg_ses-20171207T120000,baseline,engagement,0.15177751811645968,1.5420179641574163e-07,1184,0.0620109758417726
sub-Lederberg_ses-20171207T120000,baseline,outcome,-0.12793461654915275,1.0070819101497888e-05,1184,1.3624786499148789
sub-Lederberg_ses-20171207T120000,decision,choice,-0.048646632046466354,0.0943038413820397,1184,0.1606373264285253
sub-Lederberg_ses-20171207T120000,decision,engagement,0.2447421723086024,1.3105826263349323e-17,1184,0.0769264424646399
sub-Lederberg_ses-20171207T120000,decision,outcome,-0.10556723073155967,0.00027387969467162555,1184,0.8606867823228521
sub-Lederberg_ses-20171207T120000,movement,choice,-0.06080283349338299,0.03644667600925584,1184,0.2230812523377372
sub-Lederberg_ses-20171207T120000,movement,engagement,0.18517890287142566,1.3560014740559627e-10,1184,0.094398811046351
sub-Lederberg_ses-20171207T120000,movement,outcome,0.01615475113180404,0.5786738953376671,1184,0.1120142233277702
sub-Lederberg_ses-20171207T120000,outcome,choice,-0.07677433933073453,0.00822084279482275,1184,0.2314694682132512
sub-Lederberg_ses-20171207T120000,outcome,engagement,0.158841150913798,3.912425373918198e-08,1184,0.144079558954682
sub-Lederberg_ses-20171207T120000,outcome,outcome,0.013306928650215946,0.6473701078957999,1184,0.0864223772338612
sub-Lederberg_ses-20171207T120000,visual,choice,-0.08087144489070257,0.0053634758462659405,1184,0.8338513324729634
sub-Lederberg_ses-20171207T120000,visual,engagement,0.19675731668875096,8.491416211913942e-12,1184,0.085103279549004
sub-Lederberg_ses-20171207T120000,visual,outcome,-0.055642021589900954,0.05561201604547039,1184,1.0525198625699872
sub-Lederberg_ses-20171208T120000,baseline,choice,0.044555494893941394,0.1339177995691617,1133,2.2752330300057557
sub-Lederberg_ses-20171208T120000,baseline,engagement,0.0761604084663445,0.010333651593351192,1133,0.090606326618112
sub-Lederberg_ses-20171208T120000,baseline,outcome,0.03909500833986024,0.18851303070268166,1133,1.195449181037398
sub-Lederberg_ses-20171208T120000,decision,choice,-0.01123696352190281,0.7055558851452086,1133,0.1916425022863753
sub-Lederberg_ses-20171208T120000,decision,engagement,0.035435267337450074,0.23333531699487292,1133,0.1068748809440923
sub-Lederberg_ses-20171208T120000,decision,outcome,-0.029188989974324345,0.32628317218631564,1133,0.8796961367279902
sub-Lederberg_ses-20171208T120000,movement,choice,-0.03948784391351861,0.18410732710563185,1133,0.168786214011226
sub-Lederberg_ses-20171208T120000,movement,engagement,0.057901770256154984,0.051359842626906946,1133,0.0781245214641038
sub-Lederberg_ses-20171208T120000,movement,outcome,0.08486916965629887,0.004253709565384415,1133,0.1095021555182529
sub-Lederberg_ses-20171208T120000,outcome,choice,-0.04143406940800451,0.16339838755545227,1133,0.1703326714620815
sub-Lederberg_ses-20171208T120000,outcome,engagement,0.05277190394103865,0.07580179064197144,1133,0.0904292303043764
sub-Lederberg_ses-20171208T120000,outcome,outcome,-0.011360680777491281,0.7024676844186644,1133,0.0717516843861739
sub-Lederberg_ses-20171208T120000,visual,choice,0.026948489377487866,0.3648028937642017,1133,1.308058701267771
sub-Lederberg_ses-20171208T120000,visual,engagement,0.051032089741837726,0.08598535126518876,1133,0.0831728633140608
sub-Lederberg_ses-20171208T120000,visual,outcome,-0.03094234391901608,0.29805156067098776,1133,1.1373490394214338
sub-Lederberg_ses-20171209T120000,baseline,choice,-0.0012389615928699994,0.9691640079795911,976,1.914558533915677
sub-Lederberg_ses-20171209T120000,baseline,engagement,0.10265203957352835,0.001321224752101624,976,0.1293707193835465
sub-Lederberg_ses-20171209T120000,baseline,outcome,-0.023247740161341506,0.46817604726377127,976,1.3407903232364924
sub-Lederberg_ses-20171209T120000,decision,choice,-0.02126617454977781,0.5069462406031975,976,0.2602283289853663
sub-Lederberg_ses-20171209T120000,decision,engagement,0.16951058862043727,9.957783916336415e-08,976,0.121735996213885
sub-Lederberg_ses-20171209T120000,decision,outcome,0.026588418369416854,0.4066909132472464,976,1.1015958234599923
sub-Lederberg_ses-20171209T120000,movement,choice,-0.09966370479829274,0.0018247368742758453,976,0.2570765926846005
sub-Lederberg_ses-20171209T120000,movement,engagement,0.18385161561534127,7.2196286013642816e-09,976,0.0994835399034815
sub-Lederberg_ses-20171209T120000,movement,outcome,0.07917433766112161,0.013353473181195275,976,0.3086163124010986
sub-Lederberg_ses-20171209T120000,outcome,choice,-0.05667015823460667,0.0767961732276313,976,0.2524591644611315
sub-Lederberg_ses-20171209T120000,outcome,engagement,0.20907576786787813,4.212629527836788e-11,976,0.0603897306756136
sub-Lederberg_ses-20171209T120000,outcome,outcome,0.14373879056175082,6.5374212098672495e-06,976,0.1519446880222837
sub-Lederberg_ses-20171209T120000,visual,choice,0.012167616443941758,0.7042012226642568,976,1.0177543081401703
sub-Lederberg_ses-20171209T120000,visual,engagement,0.18293397349267956,8.594802749557114e-09,976,0.1560812449894671
sub-Lederberg_ses-20171209T120000,visual,outcome,-0.05847572246290148,0.06784098449979663,976,1.1053607381025
sub-Lederberg_ses-20171210T120000,baseline,choice,0.02537063070378955,0.496399659261172,721,2.0425135483695
sub-Lederberg_ses-20171210T120000,baseline,engagement,0.19507509177416849,1.2935057516216202e-07,721,0.0401577460949368
sub-Lederberg_ses-20171210T120000,baseline,outcome,0.010263910089624169,0.7832164761572858,721,0.7549667849892163
sub-Lederberg_ses-20171210T120000,decision,choice,0.006864743963567425,0.8540051198930441,721,0.1726318853766676
sub-Lederberg_ses-20171210T120000,decision,engagement,0.22483700551405003,1.0276416113032132e-09,721,0.0591947923284702
sub-Lederberg_ses-20171210T120000,decision,outcome,-0.03055381122069362,0.41268275800297216,721,0.5972468535813459
sub-Lederberg_ses-20171210T120000,movement,choice,0.03062093417475928,0.41165641982639267,721,0.283092965559873
sub-Lederberg_ses-20171210T120000,movement,engagement,0.2636072007563878,6.312025942492892e-13,721,0.0221117174634139
sub-Lederberg_ses-20171210T120000,movement,outcome,0.05789330198690431,0.12039344580219262,721,0.2691457686519952
sub-Lederberg_ses-20171210T120000,outcome,choice,0.03807549447073942,0.307264723714682,721,0.2464889929807384
sub-Lederberg_ses-20171210T120000,outcome,engagement,0.2788172346954236,2.4332070822414926e-14,721,0.0128892896199382
sub-Lederberg_ses-20171210T120000,outcome,outcome,0.1439284612711586,0.00010523610239354263,721,0.1172921910430898
sub-Lederberg_ses-20171210T120000,visual,choice,0.020089243692407444,0.5902018241165925,721,0.8579754386648626
sub-Lederberg_ses-20171210T120000,visual,engagement,0.2627510519153565,7.535700136902279e-13,721,0.0400981408572647
sub-Lederberg_ses-20171210T120000,visual,outcome,0.014354518553209388,0.7003925693220139,721,0.5939944752209041
sub-Lederberg_ses-20171211T120000,baseline,choice,0.002106507598883891,0.9387301693538359,1334,2.212639074661951
sub-Lederberg_ses-20171211T120000,baseline,engagement,0.13261707263367045,1.1700448145676317e-06,1334,0.0721110599176779
sub-Lederberg_ses-20171211T120000,baseline,outcome,-0.024859179677287263,0.3642773310051661,1334,1.091932019264171
sub-Lederberg_ses-20171211T120000,decision,choice,-0.01816757924628189,0.5073403521969406,1334,0.1934554783481155
sub-Lederberg_ses-20171211T120000,decision,engagement,0.18036116475541158,3.2270330933576634e-11,1334,0.0873900157341354
sub-Lederberg_ses-20171211T120000,decision,outcome,-0.023300966390038355,0.39512423172570965,1334,0.7887335651357196
sub-Lederberg_ses-20171211T120000,movement,choice,-0.05392121462151132,0.048952762327996925,1334,0.1481047998929094
sub-Lederberg_ses-20171211T120000,movement,engagement,0.21824638253075235,7.560094445382762e-16,1334,0.0716435313282899
sub-Lederberg_ses-20171211T120000,movement,outcome,0.06796029093511577,0.013038238891315918,1334,0.0545952073829035
sub-Lederberg_ses-20171211T120000,outcome,choice,-0.020113254055210958,0.46294790069905334,1334,0.2314205012444399
sub-Lederberg_ses-20171211T120000,outcome,engagement,0.23642757306720688,2.1046190465413342e-18,1334,0.0730131435462286
sub-Lederberg_ses-20171211T120000,outcome,outcome,0.07769847133835804,0.00451858111989842,1334,0.0256682979471355
sub-Lederberg_ses-20171211T120000,visual,choice,0.015405568950520048,0.5739945120148797,1334,0.9525218476237688
sub-Lederberg_ses-20171211T120000,visual,engagement,0.24979125596418764,2.0059660407038612e-20,1334,0.0703585358435384
sub-Lederberg_ses-20171211T120000,visual,outcome,-0.0632043784367554,0.02096473859746855,1334,0.8628856064430469
sub-Moniz_ses-20170515T120000,baseline,choice,-0.08936936074312149,0.01113760072643075,806,1.8318062905310375
sub-Moniz_ses-20170515T120000,baseline,engagement,0.013402512430933388,0.7040005464984485,806,0.1722113472730947
sub-Moniz_ses-20170515T120000,baseline,outcome,0.027154008934339172,0.4413879154231536,806,1.011900667704121
sub-Moniz_ses-20170515T120000,decision,choice,-0.015214268912521036,0.666257651152013,806,0.2193616920352003
sub-Moniz_ses-20170515T120000,decision,engagement,0.059434841337339187,0.09175044577557351,806,0.187192972011664
sub-Moniz_ses-20170515T120000,decision,outcome,-0.037122074519796135,0.29251149253310477,806,1.0870521450251456
sub-Moniz_ses-20170515T120000,movement,choice,0.04534169198819776,0.19847079510009305,806,0.2693863710304038
sub-Moniz_ses-20170515T120000,movement,engagement,0.11407666279008628,0.0011777186888431018,806,0.1425015521484754
sub-Moniz_ses-20170515T120000,movement,outcome,-0.06330642874110377,0.07244824332172131,806,0.0629062521475081
sub-Moniz_ses-20170515T120000,outcome,choice,-0.01437265954538965,0.6836925070861348,806,0.2663056305245838
sub-Moniz_ses-20170515T120000,outcome,engagement,0.10909937062634602,0.0019234627364490182,806,0.1490709400199406
sub-Moniz_ses-20170515T120000,outcome,outcome,-0.021384308291294406,0.5443616361069056,806,0.0460764798590303
sub-Moniz_ses-20170515T120000,visual,choice,0.05421932487526001,0.12403964848987105,806,1.4280274577847951
sub-Moniz_ses-20170515T120000,visual,engagement,0.142593752605168,4.8497625884218164e-05,806,0.1852685136389573
sub-Moniz_ses-20170515T120000,visual,outcome,-0.01666753086699549,0.636575681592666,806,1.1906133873388391
sub-Moniz_ses-20170516T120000,baseline,choice,-0.020467012862613383,0.48977704367232233,1141,1.800045670908969
sub-Moniz_ses-20170516T120000,baseline,engagement,0.07635146375319184,0.009880248381144574,1141,0.1558435788434408
sub-Moniz_ses-20170516T120000,baseline,outcome,0.017827774473408692,0.5474493222843589,1141,1.2394742965971624
sub-Moniz_ses-20170516T120000,decision,choice,-0.01329735111800621,0.6536519561654234,1141,0.4245011715840204
sub-Moniz_ses-20170516T120000,decision,engagement,0.07320258571901628,0.013387317700196643,1141,0.1976518922173493
sub-Moniz_ses-20170516T120000,decision,outcome,-0.01198181838590439,0.685991359602942,1141,0.9964569687634268
sub-Moniz_ses-20170516T120000,movement,choice,-0.03097626685969739,0.2958188441577863,1141,0.3349833847613088
sub-Moniz_ses-20170516T120000,movement,engagement,0.1148020946899697,0.00010171246932351044,1141,0.1385764365095364
sub-Moniz_ses-20170516T120000,movement,outcome,-0.037511354713112836,0.20546251219285666,1141,0.0498675252780478
sub-Moniz_ses-20170516T120000,outcome,choice,-0.06393365230943139,0.03081624100267002,1141,0.4524495958035401
sub-Moniz_ses-20170516T120000,outcome,engagement,0.10329121760097439,0.00047482837793881707,1141,0.1131662888508775
sub-Moniz_ses-20170516T120000,outcome,outcome,0.006479401341708908,0.8269397624445991,1141,0.0526586012126934
sub-Moniz_ses-20170516T120000,visual,choice,-0.026329480220407774,0.3742425002246511,1141,1.3526339317681448
sub-Moniz_ses-20170516T120000,visual,engagement,0.06751643134366647,0.022565034929756318,1141,0.1724764187550253
sub-Moniz_ses-20170516T120000,visual,outcome,-0.06143716109404464,0.03799093351679155,1141,1.315161001106022
sub-Moniz_ses-20170518T120000,baseline,choice,-0.06753717215460917,0.056983390666469874,795,1.5000168138499037
sub-Moniz_ses-20170518T120000,baseline,engagement,0.031168420730169667,0.38013516839341666,795,0.1427917916471688
sub-Moniz_ses-20170518T120000,baseline,outcome,-0.012470710549634783,0.72552731525424,795,1.300177975323614
sub-Moniz_ses-20170518T120000,decision,choice,0.013195242337349944,0.7102797183916868,795,0.1480256457912801
sub-Moniz_ses-20170518T120000,decision,engagement,0.002055284828563083,0.9538608110612499,795,0.2424239372336214
sub-Moniz_ses-20170518T120000,decision,outcome,-0.10702295456748505,0.002515041572842674,795,1.1466501573669907
sub-Moniz_ses-20170518T120000,movement,choice,0.06739020471175959,0.05752679327571705,795,0.2639056800074763
sub-Moniz_ses-20170518T120000,movement,engagement,0.08810942319801189,0.012946533416765616,795,0.1798281027175458
sub-Moniz_ses-20170518T120000,movement,outcome,-0.10656431238771961,0.002625383415337701,795,0.3752360513234131
sub-Moniz_ses-20170518T120000,outcome,choice,0.051292271174976145,0.14848615675615923,795,0.2919508112065465
sub-Moniz_ses-20170518T120000,outcome,engagement,0.15282992208468696,1.5059154184062766e-05,795,0.1659592380259978
sub-Moniz_ses-20170518T120000,outcome,outcome,-0.0894117295844919,0.011665103839828233,795,0.1975438282199737
sub-Moniz_ses-20170518T120000,visual,choice,0.04630897910280279,0.19211037050592994,795,1.188768265024135
sub-Moniz_ses-20170518T120000,visual,engagement,0.08550281869427659,0.015889686611147657,795,0.1618319184308445
sub-Moniz_ses-20170518T120000,visual,outcome,-0.08048821528422988,0.023235668454433044,795,1.1466417374216535
sub-Muller_ses-20170107T120000,baseline,choice,-0.028476660808437745,0.34560339007985563,1099,2.1835474838581965
sub-Muller_ses-20170107T120000,baseline,engagement,0.16100728097802874,8.025493885699813e-08,1099,0.0452688919094847
sub-Muller_ses-20170107T120000,baseline,outcome,-0.0644133053727059,0.03274762330083902,1099,1.40028250611626
sub-Muller_ses-20170107T120000,decision,choice,0.08833812309531139,0.003379697574639158,1099,0.0859931637900373
sub-Muller_ses-20170107T120000,decision,engagement,0.34850207796610044,9.809176929851627e-33,1099,0.0257616373102482
sub-Muller_ses-20170107T120000,decision,outcome,-0.01708780967510437,0.5714770387025796,1099,0.9741192519237092
sub-Muller_ses-20170107T120000,movement,choice,-0.021596700278761743,0.474470318932784,1099,0.1314544135776592
sub-Muller_ses-20170107T120000,movement,engagement,0.2692974750622027,1.0300251174001374e-19,1099,0.0175999160216532
sub-Muller_ses-20170107T120000,movement,outcome,0.019400972724980738,0.5205528239791044,1099,0.0283205104467356
sub-Muller_ses-20170107T120000,outcome,choice,0.010254080965851434,0.7341902754278992,1099,0.1378880064351872
sub-Muller_ses-20170107T120000,outcome,engagement,0.23266411864764347,5.639703024153128e-15,1099,0.0175976571089678
sub-Muller_ses-20170107T120000,outcome,outcome,0.12279027858576719,4.475314160504481e-05,1099,0.005892165401325
sub-Muller_ses-20170107T120000,visual,choice,-0.03733658523610588,0.21617095219919313,1099,1.3276020420623038
sub-Muller_ses-20170107T120000,visual,engagement,0.09970683376520008,0.0009333349384400872,1099,0.0304877287495638
sub-Muller_ses-20170107T120000,visual,outcome,-0.0170946456793084,0.5713231241278267,1099,1.3769303217081763
sub-Muller_ses-20170108T120000,baseline,choice,-0.024107900173968116,0.36096242211882534,1438,1.529786975584381
sub-Muller_ses-20170108T120000,baseline,engagement,0.0847666466218995,0.0012934444544588644,1438,0.1792467487371231
sub-Muller_ses-20170108T120000,baseline,outcome,-0.028930535121382016,0.272925892404324,1438,0.9386913382208876
sub-Muller_ses-20170108T120000,decision,choice,-0.005029735875549584,0.8488642135338841,1438,0.2378188959386023
sub-Muller_ses-20170108T120000,decision,engagement,0.04945813547577873,0.06079037829021299,1438,0.188461422858621
sub-Muller_ses-20170108T120000,decision,outcome,-0.06667738870987487,0.011435957183295986,1438,0.7736291665778693
sub-Muller_ses-20170108T120000,movement,choice,-0.019864469469157726,0.4516307114942708,1438,0.1775930660441157
sub-Muller_ses-20170108T120000,movement,engagement,0.09454913828053331,0.00033026891267928104,1438,0.136705375715424
sub-Muller_ses-20170108T120000,movement,outcome,-0.06084384714806309,0.0210331315525179,1438,0.2239869662381068
sub-Muller_ses-20170108T120000,outcome,choice,-0.03510055177847246,0.18341964028948674,1438,0.2178193363036883
sub-Muller_ses-20170108T120000,outcome,engagement,0.13728166378442785,1.7313392167433955e-07,1438,0.1152729203044146
sub-Muller_ses-20170108T120000,outcome,outcome,0.00045885909501125103,0.9861292749447845,1438,0.1368756573576387
sub-Muller_ses-20170108T120000,visual,choice,-0.08800292363473454,0.0008355621666701341,1438,1.2856601928221494
sub-Muller_ses-20170108T120000,visual,engagement,0.01628331606700449,0.5372458832799201,1438,0.2347765173201746
sub-Muller_ses-20170108T120000,visual,outcome,-0.06850098194179831,0.009365458957073646,1438,0.8695989872569253
sub-Muller_ses-20170109T120000,baseline,choice,-0.08187813624804136,0.002185324039067604,1398,1.262199519786798
sub-Muller_ses-20170109T120000,baseline,engagement,0.009503625295984443,0.7225677327071884,1398,0.343254415115246
sub-Muller_ses-20170109T120000,baseline,outcome,-0.10718266802023499,5.931231342564828e-05,1398,1.0908310775666927
sub-Muller_ses-20170109T120000,decision,choice,0.04284139402349703,0.10934700849331053,1398,0.1643609612387682
sub-Muller_ses-20170109T120000,decision,engagement,0.15573828930641326,4.811287298330932e-09,1398,0.2483143237145235
sub-Muller_ses-20170109T120000,decision,outcome,-0.12286463909591622,4.080383950279391e-06,1398,0.693048739741777
sub-Muller_ses-20170109T120000,movement,choice,0.09511180429350703,0.0003692911079951202,1398,0.2247953433267596
sub-Muller_ses-20170109T120000,movement,engagement,0.16036938821559163,1.6407255335400521e-09,1398,0.2059469122453245
sub-Muller_ses-20170109T120000,movement,outcome,0.002792491613990643,0.9169172976467568,1398,0.0183999862920676
sub-Muller_ses-20170109T120000,outcome,choice,0.07258594011307683,0.006624957141083425,1398,0.2912990849184025
sub-Muller_ses-20170109T120000,outcome,engagement,0.10081769259095935,0.0001594891498501595,1398,0.2034753710354239
sub-Muller_ses-20170109T120000,outcome,outcome,-0.0010067141842094666,0.9700008511726185,1398,0.0182561521079793
sub-Muller_ses-20170109T120000,visual,choice,-0.07888036790253142,0.0031645430601992663,1398,1.149846866477103
sub-Muller_ses-20170109T120000,visual,engagement,-0.03582045794190425,0.18071634533865194,1398,0.3938386377733858
sub-Muller_ses-20170109T120000,visual,outcome,-0.10165095500182166,0.00014056145209251513,1398,1.087339324488363
sub-Radnitz_ses-20170108T120000,baseline,choice,-0.022964219104761714,0.41538877115631645,1260,1.7157530938178969
sub-Radnitz_ses-20170108T120000,baseline,engagement,0.07480362272211401,0.007899109304614682,1260,0.1442694870390926
sub-Radnitz_ses-20170108T120000,baseline,outcome,-0.07056021773090264,0.012235573510500577,1260,0.9731061866383725
sub-Radnitz_ses-20170108T120000,decision,choice,0.012377472773107993,0.6607068648729897,1260,0.0551309956676488
sub-Radnitz_ses-20170108T120000,decision,engagement,0.13037928543176813,3.4297998155231217e-06,1260,0.0786653314380472
sub-Radnitz_ses-20170108T120000,decision,outcome,-0.007891270478598673,0.7796012934176973,1260,0.7916922719244933
sub-Radnitz_ses-20170108T120000,movement,choice,0.0026995911851990053,0.9237341825480188,1260,0.1012690352116759
sub-Radnitz_ses-20170108T120000,movement,engagement,0.17219145424823534,7.644910243182727e-10,1260,0.0573330394843517
sub-Radnitz_ses-20170108T120000,movement,outcome,0.11918960536554508,2.2179279965386325e-05,1260,0.0178302729089049
sub-Radnitz_ses-20170108T120000,outcome,choice,0.01815797941177169,0.5196028658797711,1260,0.1137350224179668
sub-Radnitz_ses-20170108T120000,outcome,engagement,0.1680628431349857,1.9434946059106415e-09,1260,0.0627203069604987
sub-Radnitz_ses-20170108T120000,outcome,outcome,0.11941006927988425,2.1411127264085906e-05,1260,0.0061074811469507
sub-Radnitz_ses-20170108T120000,visual,choice,-0.022944611778285367,0.4157872158741046,1260,0.8911184070041263
sub-Radnitz_ses-20170108T120000,visual,engagement,0.019147366570926312,0.49710506573652646,1260,0.1665409945856481
sub-Radnitz_ses-20170108T120000,visual,outcome,-0.036340569349659714,0.1973606331016187,1260,0.8912724701726408
sub-Radnitz_ses-20170109T120000,baseline,choice,0.0021896690806988074,0.9406404373109076,1159,1.4063074048285724
sub-Radnitz_ses-20170109T120000,baseline,engagement,0.1446657993152554,7.585554713473081e-07,1159,0.1400534915722195
sub-Radnitz_ses-20170109T120000,baseline,outcome,0.027328942577769855,0.3525996540977451,1159,0.7499015636804554
sub-Radnitz_ses-20170109T120000,decision,choice,0.07477339645431737,0.010883705256228837,1159,0.1360076214523869
sub-Radnitz_ses-20170109T120000,decision,engagement,0.08217391028297566,0.005122107593221278,1159,0.0820532799138499
sub-Radnitz_ses-20170109T120000,decision,outcome,-0.06391511995047529,0.029569543237754896,1159,0.6526976533201609
sub-Radnitz_ses-20170109T120000,movement,choice,0.07623759580091055,0.009420131008670578,1159,0.1742728093001139
sub-Radnitz_ses-20170109T120000,movement,engagement,0.14358843995751353,9.176670736671452e-07,1159,0.0398528181402739
sub-Radnitz_ses-20170109T120000,movement,outcome,0.01916544264717242,0.5145135207466118,1159,0.0786103753285115
sub-Radnitz_ses-20170109T120000,outcome,choice,0.04770264407198669,0.10455418753918827,1159,0.1405408779040135
sub-Radnitz_ses-20170109T120000,outcome,engagement,0.1567417557593276,8.159894267451531e-08,1159,0.025901253759034
sub-Radnitz_ses-20170109T120000,outcome,outcome,0.11384806507371563,0.0001026222818893583,1159,0.0439434176936169
sub-Radnitz_ses-20170109T120000,visual,choice,-0.06426317444521773,0.028692770975934288,1159,0.7932009605305399
sub-Radnitz_ses-20170109T120000,visual,engagement,0.1384435773567975,2.2352856909793158e-06,1159,0.105865836664791
sub-Radnitz_ses-20170109T120000,visual,outcome,-0.03969191825944785,0.17690398505605048,1159,0.8193180664959521
sub-Radnitz_ses-20170110T120000,baseline,choice,-0.04313917162004591,0.12910311521269624,1239,1.5530067517178137
sub-Radnitz_ses-20170110T120000,baseline,engagement,-0.03644488853355753,0.19985302266949417,1239,0.1927697351524325
sub-Radnitz_ses-20170110T120000,baseline,outcome,-0.029372837918399265,0.3015634049486551,1239,0.9720944194905816
sub-Radnitz_ses-20170110T120000,decision,choice,-0.008021316106435718,0.7778934229939514,1239,0.0981265551049932
sub-Radnitz_ses-20170110T120000,decision,engagement,0.15622477252951822,3.2492931862380886e-08,1239,0.1787978703775856
sub-Radnitz_ses-20170110T120000,decision,outcome,-6.43269758940365e-05,0.9981951965821848,1239,1.0404884746436198
sub-Radnitz_ses-20170110T120000,movement,choice,0.07455617136367705,0.008656235315166372,1239,0.0830636277407986
sub-Radnitz_ses-20170110T120000,movement,engagement,0.12855443286073368,5.643523211840053e-06,1239,0.1750766446333179
sub-Radnitz_ses-20170110T120000,movement,outcome,0.05262832191164411,0.06404008747134637,1239,0.0968627810823764
sub-Radnitz_ses-20170110T120000,outcome,choice,-0.0007723432468020598,0.978333230060018,1239,0.1079113117701824
sub-Radnitz_ses-20170110T120000,outcome,engagement,0.13733547278558042,1.2206266700086126e-06,1239,0.1411348074532001
sub-Radnitz_ses-20170110T120000,outcome,outcome,0.0724329970766725,0.010760635310265984,1239,0.0510815032735239
sub-Radnitz_ses-20170110T120000,visual,choice,-0.03517967487988404,0.21592462291301218,1239,1.1316655372706972
sub-Radnitz_ses-20170110T120000,visual,engagement,0.02109438666355777,0.4581821516587159,1239,0.2245804155320026
sub-Radnitz_ses-20170110T120000,visual,outcome,-0.06353432681853009,0.025327244290450846,1239,1.288224928586865
sub-Radnitz_ses-20170111T120000,baseline,choice,-0.06729686956882122,0.04890213187910432,857,1.3091642127926373
sub-Radnitz_ses-20170111T120000,baseline,engagement,0.021440514212757583,0.5307787952552127,857,0.2387386640348414
sub-Radnitz_ses-20170111T120000,baseline,outcome,-0.11684476766483862,0.0006095409483268345,857,1.1231650103328108
sub-Radnitz_ses-20170111T120000,decision,choice,0.2295354339216311,1.0408000440190293e-11,857,0.0658044654108843
sub-Radnitz_ses-20170111T120000,decision,engagement,0.055056053920760205,0.10726449917352607,857,0.235581768500252
sub-Radnitz_ses-20170111T120000,decision,outcome,-0.1173031469044613,0.0005798431671876632,857,0.821411109236623
sub-Radnitz_ses-20170111T120000,movement,choice,0.08085697803072513,0.01790992370997229,857,0.1391429237241659
sub-Radnitz_ses-20170111T120000,movement,engagement,0.06988053314933135,0.040831512410139194,857,0.2431714442809252
sub-Radnitz_ses-20170111T120000,movement,outcome,0.05149906165265874,0.13196151253866448,857,0.0176032777904835
sub-Radnitz_ses-20170111T120000,outcome,choice,0.13575494070069347,6.696021084256869e-05,857,0.1389171015103114
sub-Radnitz_ses-20170111T120000,outcome,engagement,0.037073270197526396,0.2783238389224409,857,0.1944588669108399
sub-Radnitz_ses-20170111T120000,outcome,outcome,0.10249271028428238,0.0026648685749958924,857,0.0081161798441067
sub-Radnitz_ses-20170111T120000,visual,choice,0.023641119180670446,0.48945878861875025,857,0.9211871966344874
sub-Radnitz_ses-20170111T120000,visual,engagement,0.07751016023437096,0.023257460711760332,857,0.2858061997929444
sub-Radnitz_ses-20170111T120000,visual,outcome,-0.19598422902556456,7.243845996815411e-09,857,1.1297368445026084
sub-Radnitz_ses-20170112T120000,baseline,choice,-0.10937136541694008,0.0002143444803697593,1141,1.5607826241588738
sub-Radnitz_ses-20170112T120000,baseline,engagement,0.03286731903885942,0.26730171575816947,1141,0.4765130512658057
sub-Radnitz_ses-20170112T120000,baseline,outcome,-0.09963386390311152,0.0007511321893715844,1141,0.9197271707956356
sub-Radnitz_ses-20170112T120000,decision,choice,0.00025620728305288695,0.9931024847607883,1141,0.0664515125854387
sub-Radnitz_ses-20170112T120000,decision,engagement,0.014999405127061462,0.6127629987735098,1141,0.5374050850757243
sub-Radnitz_ses-20170112T120000,decision,outcome,-0.12291634125283886,3.138208069538333e-05,1141,0.7577817834106186
sub-Radnitz_ses-20170112T120000,movement,choice,-0.090660771562867,0.0021740809594920506,1141,0.156974764839791
sub-Radnitz_ses-20170112T120000,movement,engagement,0.010423612302668002,0.7250485504033661,1141,0.4861360815578692
sub-Radnitz_ses-20170112T120000,movement,outcome,-0.08013125167867167,0.006766601260678705,1141,0.1392421441160476
sub-Radnitz_ses-20170112T120000,outcome,choice,-0.06595008244420267,0.025901108708327267,1141,0.1969967249526354
sub-Radnitz_ses-20170112T120000,outcome,engagement,0.021374275878277407,0.47073350521659496,1141,0.4287576766691371
sub-Radnitz_ses-20170112T120000,outcome,outcome,-0.07846742365592563,0.008008503534844093,1141,0.0939336845883298
sub-Radnitz_ses-20170112T120000,visual,choice,-0.09352231848976018,0.001564033322919167,1141,0.8315508481870089
sub-Radnitz_ses-20170112T120000,visual,engagement,0.10470562641892557,0.0003960767006327191,1141,0.3536658770762592
sub-Radnitz_ses-20170112T120000,visual,outcome,-0.1365012034642918,3.7018940706880232e-06,1141,1.0725518720059437
sub-Richards_ses-20171029T120000,baseline,choice,-0.03439802596518261,0.18912937591954684,1459,1.5684555204113058
sub-Richards_ses-20171029T120000,baseline,engagement,0.048125613047626144,0.06610123454262994,1459,0.310812183104183
sub-Richards_ses-20171029T120000,baseline,outcome,-0.10627227279631422,4.755888073311245e-05,1459,0.8489571334108913
sub-Richards_ses-20171029T120000,decision,choice,0.11865817921367057,5.505308089688576e-06,1459,0.1151254301402858
sub-Richards_ses-20171029T120000,decision,engagement,0.21917943458173111,2.4973137118861793e-17,1459,0.1513761514779929
sub-Richards_ses-20171029T120000,decision,outcome,-0.21621386612785984,6.793037893916083e-17,1459,0.850196180787524
sub-Richards_ses-20171029T120000,movement,choice,0.1598587320784206,8.231612178428519e-10,1459,0.0896176754970593
sub-Richards_ses-20171029T120000,movement,engagement,0.12153836396039663,3.229236266378903e-06,1459,0.0983255922410546
sub-Richards_ses-20171029T120000,movement,outcome,-0.13889559622560135,1.0003169672224553e-07,1459,0.3651512506705595
sub-Richards_ses-20171029T120000,outcome,choice,0.17562738064644517,1.4260361896167695e-11,1459,0.123777976570404
sub-Richards_ses-20171029T120000,outcome,engagement,0.0596907611131088,0.022603027351727555,1459,0.1246863956136723
sub-Richards_ses-20171029T120000,outcome,outcome,-0.13844016369790565,1.1021019109104164e-07,1459,0.2597658559067244
sub-Richards_ses-20171029T120000,visual,choice,-0.051950034329128585,0.04725950968276662,1459,1.2198505300037428
sub-Richards_ses-20171029T120000,visual,engagement,0.11468571211770207,1.1263573258243432e-05,1459,0.2921481767414162
sub-Richards_ses-20171029T120000,visual,outcome,-0.11036320969335946,2.3912525316453495e-05,1459,0.921941498038808
sub-Richards_ses-20171030T120000,baseline,choice,-0.07473102503043172,0.008368476156308336,1244,1.4293493573126814
sub-Richards_ses-20171030T120000,baseline,engagement,0.12657092568137998,7.543858053133578e-06,1244,0.1035703079944341
sub-Richards_ses-20171030T120000,baseline,outcome,-0.07562900764858094,0.007616692995452817,1244,0.9550885012613796
sub-Richards_ses-20171030T120000,decision,choice,0.09388853589890345,0.0009148534991225485,1244,0.0652727110108941
sub-Richards_ses-20171030T120000,decision,engagement,0.18588749369759894,3.911265383487846e-11,1244,0.1302638814544565
sub-Richards_ses-20171030T120000,decision,outcome,-0.03809863519400835,0.17930753564240193,1244,1.0103252633411572
sub-Richards_ses-20171030T120000,movement,choice,-0.05997165566635865,0.03442988291029986,1244,0.1895876756583034
sub-Richards_ses-20171030T120000,movement,engagement,0.20157124964885198,7.171252736868663e-13,1244,0.0709790671867544
sub-Richards_ses-20171030T120000,movement,outcome,-0.002453266742047836,0.9311160103385494,1244,0.0518199294781415
sub-Richards_ses-20171030T120000,outcome,choice,-0.056506192509181284,0.04630704826817607,1244,0.1965998398516731
sub-Richards_ses-20171030T120000,outcome,engagement,0.1832460391001327,7.421819901637879e-11,1244,0.0524453928828074
sub-Richards_ses-20171030T120000,outcome,outcome,0.06646145363145356,0.01905992645230053,1244,0.022120869706354
sub-Richards_ses-20171030T120000,visual,choice,0.007557673404330936,0.7900098089368341,1244,0.748710111913602
sub-Richards_ses-20171030T120000,visual,engagement,0.1624173517884808,8.358931553724651e-09,1244,0.1020232995396495
sub-Richards_ses-20171030T120000,visual,outcome,-0.06857817775755971,0.015554875273369536,1244,0.9355921384513348
sub-Richards_ses-20171031T120000,baseline,choice,-0.04751424782542453,0.18581497087612547,777,2.06739516681826
sub-Richards_ses-20171031T120000,baseline,engagement,0.06439712768446187,0.07280928102178481,777,0.1794877310833172
sub-Richards_ses-20171031T120000,baseline,outcome,-0.05301677419852224,0.1398132065417385,777,1.012716339915127
sub-Richards_ses-20171031T120000,decision,choice,0.15027061811988382,2.600310868630993e-05,777,0.0602909933841489
sub-Richards_ses-20171031T120000,decision,engagement,0.28320027030272854,8.503981247336709e-16,777,0.0785394965703212
sub-Richards_ses-20171031T120000,decision,outcome,0.0023789212357864962,0.947214537922102,777,0.8167142280653316
sub-Richards_ses-20171031T120000,movement,choice,0.06734767970104448,0.0605995359853237,777,0.1046307225154545
sub-Richards_ses-20171031T120000,movement,engagement,0.23933395182925513,1.3885437030092626e-11,777,0.0919872115678745
sub-Richards_ses-20171031T120000,movement,outcome,0.05300164031829253,0.1399264646139498,777,0.057251598091305
sub-Richards_ses-20171031T120000,outcome,choice,0.042777429825300084,0.23364008977806214,777,0.1171408330247481
sub-Richards_ses-20171031T120000,outcome,engagement,0.23581699349080423,2.7975118665237563e-11,777,0.0839523199004023
sub-Richards_ses-20171031T120000,outcome,outcome,0.15060911565797563,2.492299538846718e-05,777,0.0274804735365054
sub-Richards_ses-20171031T120000,visual,choice,-0.011716924488918166,0.7443552318296746,777,1.114914181258556
sub-Richards_ses-20171031T120000,visual,engagement,0.14176315196766567,7.330711649407568e-05,777,0.157315243798149
sub-Richards_ses-20171031T120000,visual,outcome,-0.06461276464500915,0.07185364329928227,777,1.034982912427754
sub-Richards_ses-20171101T120000,baseline,choice,-0.11149645511486324,0.0011071357565053213,853,1.4727148860671668
sub-Richards_ses-20171101T120000,baseline,engagement,0.13433371291802595,8.303414229478304e-05,853,0.162984154414152
sub-Richards_ses-20171101T120000,baseline,outcome,-0.08819980050072579,0.009959724389546275,853,1.042256360499373
sub-Richards_ses-20171101T120000,decision,choice,0.07806359615265879,0.022603238036928673,853,0.0548266905452842
sub-Richards_ses-20171101T120000,decision,engagement,0.187399963859647,3.505082389534562e-08,853,0.0874980975954143
sub-Richards_ses-20171101T120000,decision,outcome,0.045805753799390614,0.1813695208990362,853,0.7342823244714067
sub-Richards_ses-20171101T120000,movement,choice,0.07790626093441179,0.022878015327665285,853,0.0919360638261241
sub-Richards_ses-20171101T120000,movement,engagement,0.2344011077281082,4.12801322721791e-12,853,0.0702055857549431
sub-Richards_ses-20171101T120000,movement,outcome,0.01690793051393746,0.6219229228414153,853,0.0556485970018532
sub-Richards_ses-20171101T120000,outcome,choice,0.003131947881617599,0.9272238089219711,853,0.1263159244876322
sub-Richards_ses-20171101T120000,outcome,engagement,0.1840337854752265,6.185983422879292e-08,853,0.0507421682865823
sub-Richards_ses-20171101T120000,outcome,outcome,0.009018634864275841,0.7925360698470169,853,0.0183902566972643
sub-Richards_ses-20171101T120000,visual,choice,-0.0933388235440669,0.006371401920841723,853,1.1024519760088447
sub-Richards_ses-20171101T120000,visual,engagement,0.16380368806139997,1.5124506191379444e-06,853,0.1268339075002787
sub-Richards_ses-20171101T120000,visual,outcome,-0.05953621340089897,0.08224319281817144,853,0.9394305232838052
sub-Richards_ses-20171102T120000,baseline,choice,-0.022103378766542586,0.5026484613852416,922,2.0481917091890827
sub-Richards_ses-20171102T120000,baseline,engagement,0.03434516291748008,0.29752079580005497,922,0.2978178112992191
sub-Richards_ses-20171102T120000,baseline,outcome,-0.01568427177290711,0.6343397684232854,922,1.5233140643715173
sub-Richards_ses-20171102T120000,decision,choice,0.1350357119511019,3.895734539030489e-05,922,0.0508850479447761
sub-Richards_ses-20171102T120000,decision,engagement,0.10218981991429317,0.0018908260616032403,922,0.2258072033653984
sub-Richards_ses-20171102T120000,decision,outcome,-0.053737402611631985,0.10295963402755438,922,0.9709858219901252
sub-Richards_ses-20171102T120000,movement,choice,0.09152656341579056,0.005415447056895898,922,0.2204738317696256
sub-Richards_ses-20171102T120000,movement,engagement,0.08424986072137555,0.01048886766039065,922,0.1850045460818665
sub-Richards_ses-20171102T120000,movement,outcome,-0.0007464625477145818,0.9819412801943675,922,0.035571201100566
sub-Richards_ses-20171102T120000,outcome,choice,0.15608790537822523,1.9138717908727975e-06,922,0.1896195241475914
sub-Richards_ses-20171102T120000,outcome,engagement,0.0927156219023574,0.004839749724670002,922,0.2005920845068791
sub-Richards_ses-20171102T120000,outcome,outcome,0.03676241735380494,0.2647932971095103,922,0.0197433577908919
sub-Richards_ses-20171102T120000,visual,choice,-0.03798886794929769,0.2491722194195183,922,1.4636369372167288
sub-Richards_ses-20171102T120000,visual,engagement,0.008470428244619225,0.7972902383014465,922,0.2821633550293408
sub-Richards_ses-20171102T120000,visual,outcome,-0.09075285632268361,0.005822477938861765,922,1.3020502902717357
sub-Tatum_ses-20171206T120000,baseline,choice,-0.00821588363805629,0.7566553526291727,1425,2.004447916416328
sub-Tatum_ses-20171206T120000,baseline,engagement,0.13219853380182128,5.499844608189615e-07,1425,0.1235872999328016
sub-Tatum_ses-20171206T120000,baseline,outcome,-0.07088763848635705,0.007429139326929988,1425,0.8905101879559598
sub-Tatum_ses-20171206T120000,decision,choice,0.12132048185331594,4.375425160702577e-06,1425,0.2864693461605658
sub-Tatum_ses-20171206T120000,decision,engagement,0.18824347803296612,7.839265593998664e-13,1425,0.0960266406736145
sub-Tatum_ses-20171206T120000,decision,outcome,0.002999990975030909,0.9099131806109518,1425,0.7497292913937849
sub-Tatum_ses-20171206T120000,movement,choice,0.12142404183819551,4.293334889133421e-06,1425,0.1863098304599352
sub-Tatum_ses-20171206T120000,movement,engagement,0.2109162982914311,8.582247298210682e-16,1425,0.0452301289414077
sub-Tatum_ses-20171206T120000,movement,outcome,0.09120475056886328,0.0005667041277288558,1425,0.0734249946183639
sub-Tatum_ses-20171206T120000,outcome,choice,0.10032915679669901,0.00014848220080423453,1425,0.1924427769830863
sub-Tatum_ses-20171206T120000,outcome,engagement,0.18354150286125692,2.9131433702410613e-12,1425,0.0482251281506105
sub-Tatum_ses-20171206T120000,outcome,outcome,0.15246171208001724,7.290250748835463e-09,1425,0.0342065325122742
sub-Tatum_ses-20171206T120000,visual,choice,0.013487320283822567,0.6109544444806594,1425,1.266236477407067
sub-Tatum_ses-20171206T120000,visual,engagement,0.11727342857753384,9.062461357280437e-06,1425,0.1648108099046457
sub-Tatum_ses-20171206T120000,visual,outcome,-0.01956299793135399,0.4605694252640943,1425,0.9622787370888192
sub-Tatum_ses-20171207T120000,baseline,choice,-0.04731448102251932,0.07624217296543875,1405,1.9842442850100324
sub-Tatum_ses-20171207T120000,baseline,engagement,0.15135879314571696,1.1892647360709958e-08,1405,0.1647228075104821
sub-Tatum_ses-20171207T120000,baseline,outcome,-0.04429586734276418,0.09697613731979816,1405,0.8284792126562603
sub-Tatum_ses-20171207T120000,decision,choice,0.028590177802501917,0.284205336722614,1405,0.1616510324780513
sub-Tatum_ses-20171207T120000,decision,engagement,0.04260785676762694,0.11040223292223608,1405,0.1930934591939809
sub-Tatum_ses-20171207T120000,decision,outcome,-0.1051527019637974,7.850548130790509e-05,1405,0.8825326935185382
sub-Tatum_ses-20171207T120000,movement,choice,0.03902607179300999,0.14371870960026037,1405,0.241676051209429
sub-Tatum_ses-20171207T120000,movement,engagement,0.10483020257895152,8.259642453840331e-05,1405,0.1447400492002243
sub-Tatum_ses-20171207T120000,movement,outcome,-0.017969874381981363,0.5009310311016434,1405,0.0526754637516186
sub-Tatum_ses-20171207T120000,outcome,choice,0.054225838435418096,0.042128231505212596,1405,0.3022739077279513
sub-Tatum_ses-20171207T120000,outcome,engagement,0.10614981142485888,6.70340050573463e-05,1405,0.1291370478756538
sub-Tatum_ses-20171207T120000,outcome,outcome,0.09385092432380406,0.0004275113958776457,1405,0.0256877309386651
sub-Tatum_ses-20171207T120000,visual,choice,0.014281563051958558,0.592738818466346,1405,0.8733343831525777
sub-Tatum_ses-20171207T120000,visual,engagement,0.09650157135290775,0.00029183964760096624,1405,0.1507867580457116
sub-Tatum_ses-20171207T120000,visual,outcome,-0.09435866233599485,0.00039765804139811346,1405,0.9757390075970838
sub-Tatum_ses-20171208T120000,baseline,choice,-0.11917360923087822,2.413234214601547e-07,1867,1.6417020017242865
sub-Tatum_ses-20171208T120000,baseline,engagement,0.1825145313756255,1.8985655848493146e-15,1867,0.0987371072124531
sub-Tatum_ses-20171208T120000,baseline,outcome,-0.09088204160633051,8.409721807470734e-05,1867,0.8159417770357089
sub-Tatum_ses-20171208T120000,decision,choice,-0.07159823023076654,0.0019643188837779944,1867,0.137715239824641
sub-Tatum_ses-20171208T120000,decision,engagement,0.20492950527042625,3.756379329334433e-19,1867,0.1059697163514499
sub-Tatum_ses-20171208T120000,decision,outcome,-0.14645777699903692,2.039461484145192e-10,1867,0.8110663895596719
sub-Tatum_ses-20171208T120000,movement,choice,-0.07477750119109768,0.0012232210163550022,1867,0.1569507254276388
sub-Tatum_ses-20171208T120000,movement,engagement,0.11156613256651876,1.348271826508523e-06,1867,0.0660030527905154
sub-Tatum_ses-20171208T120000,movement,outcome,-0.052792527930328105,0.02253870792299934,1867,0.1003106913686825
sub-Tatum_ses-20171208T120000,outcome,choice,-0.051272082656601825,0.02673410598886485,1867,0.1685215365408068
sub-Tatum_ses-20171208T120000,outcome,engagement,0.10061165664337372,1.3279235993910592e-05,1867,0.0742727127399758
sub-Tatum_ses-20171208T120000,outcome,outcome,-0.03076148836855784,0.18398291757670793,1867,0.0491753822444344
sub-Tatum_ses-20171208T120000,visual,choice,-0.0008953505315942629,0.9691605752817056,1867,0.6518152975614458
sub-Tatum_ses-20171208T120000,visual,engagement,0.1727246428938175,5.701013527654783e-14,1867,0.131483379248245
sub-Tatum_ses-20171208T120000,visual,outcome,-0.14870915118477065,1.0667643778682175e-10,1867,0.7468003431240867
sub-Tatum_ses-20171209T120000,baseline,choice,-0.059075652406394306,0.056964009201107495,1039,1.855585747742528
sub-Tatum_ses-20171209T120000,baseline,engagement,0.1908021411729362,5.651167862549799e-10,1039,0.1191677156358489
sub-Tatum_ses-20171209T120000,baseline,outcome,-0.04874583707326501,0.11634714622326794,1039,0.9538451117919488
sub-Tatum_ses-20171209T120000,decision,choice,0.09239294903288718,0.002873618974264796,1039,0.1572179674437123
sub-Tatum_ses-20171209T120000,decision,engagement,0.16258984642415916,1.366942463969116e-07,1039,0.1175251582967469
sub-Tatum_ses-20171209T120000,decision,outcome,-0.11646600009030132,0.0001682899492453765,1039,0.8543286275115485
sub-Tatum_ses-20171209T120000,movement,choice,0.05267197916380003,0.08970843178214899,1039,0.2481940171565478
sub-Tatum_ses-20171209T120000,movement,engagement,0.15774232501315089,3.2131177326242376e-07,1039,0.0395896690745997
sub-Tatum_ses-20171209T120000,movement,outcome,0.07049309046773149,0.02306642090753401,1039,0.0342686646189669
sub-Tatum_ses-20171209T120000,outcome,choice,0.008756568493580516,0.7780043224530122,1039,0.3874234528760831
sub-Tatum_ses-20171209T120000,outcome,engagement,0.016801002872113897,0.5885477016738525,1039,0.0334829588498751
sub-Tatum_ses-20171209T120000,outcome,outcome,0.07265425773345799,0.01917149058386278,1039,0.01219898361417
sub-Tatum_ses-20171209T120000,visual,choice,-0.0010650944790530842,0.9726455558854821,1039,1.048558739442615
sub-Tatum_ses-20171209T120000,visual,engagement,0.16176493008599516,1.5837951226650825e-07,1039,0.1576126045923127
sub-Tatum_ses-20171209T120000,visual,outcome,-0.08622340589492333,0.005417182785247826,1039,0.9653095781847776
sub-Theiler_ses-20171011T120000,baseline,choice,-0.09130430417673843,0.0001417780561069702,1732,1.792830520013964
sub-Theiler_ses-20171011T120000,baseline,engagement,0.062186464062711035,0.009634731928264023,1732,0.0822312417669367
sub-Theiler_ses-20171011T120000,baseline,outcome,-0.09878030567992284,3.8204718753014526e-05,1732,1.253387167632089
sub-Theiler_ses-20171011T120000,decision,choice,0.006759771383548143,0.7786156222276526,1732,0.2662466645798289
sub-Theiler_ses-20171011T120000,decision,engagement,0.10832218797110447,6.239033035041545e-06,1732,0.0775149638832281
sub-Theiler_ses-20171011T120000,decision,outcome,-0.053225096567766104,0.026756221747343,1732,0.826762346186951
sub-Theiler_ses-20171011T120000,movement,choice,-0.04470218206521888,0.0628896321946116,1732,0.2969853380883283
sub-Theiler_ses-20171011T120000,movement,engagement,0.21885784791019075,3.153205947640916e-20,1732,0.055698157126546
sub-Theiler_ses-20171011T120000,movement,outcome,0.054561338605460606,0.023162236518373885,1732,0.1915366826398419
sub-Theiler_ses-20171011T120000,outcome,choice,-0.02040833754778458,0.39598412655973636,1732,0.234744139332395
sub-Theiler_ses-20171011T120000,outcome,engagement,0.19948408142326943,5.2765714362739086e-17,1732,0.0454732639744383
sub-Theiler_ses-20171011T120000,outcome,outcome,0.02772872025705652,0.2487531247756127,1732,0.1254463969521802
sub-Theiler_ses-20171011T120000,visual,choice,-0.07117561966927158,0.0030390696979386593,1732,1.1103950265267182
sub-Theiler_ses-20171011T120000,visual,engagement,0.11331264668048036,2.2719412196469218e-06,1732,0.0889054967238155
sub-Theiler_ses-20171011T120000,visual,outcome,-0.04012857880086603,0.0950163435729032,1732,0.8033206465760256
