graph_seed,regime,noise_seed,lif_bias,hh_bias,lif_rate_hz,hh_rate_hz,absolute_rate_difference_hz,absolute_log_rate_ratio
92001,transition_mid,8501,1.0,9.5,35.699214935302734,68.60155487060547,32.902339935302734,0.6518458677473726
92001,transition_mid,8501,1.05,9.5,39.078121185302734,68.60155487060547,29.52343368530273,0.5616533737778839
92001,transition_mid,8501,1.1,9.5,42.4765625,68.60155487060547,26.12499237060547,0.4784679059154856
92001,transition_mid,8501,1.15,9.5,45.548828125,68.60155487060547,23.05272674560547,0.4087938958858955
92001,transition_mid,8501,1.2,9.5,48.693359375,68.60155487060547,19.90819549560547,0.3421776065136404
92001,transition_mid,8501,1.25,9.5,51.64453125,68.60155487060547,16.95702362060547,0.283453081499252
92001,transition_mid,8501,1.3,9.5,54.681636810302734,68.60155487060547,13.919918060302734,0.2264167886374018
92001,transition_mid,8501,1.35,9.5,57.498046875,68.60155487060547,11.103507995605469,0.1762831730252883
92001,transition_mid,8501,1.4,9.5,60.359371185302734,68.60155487060547,8.242183685302734,0.1278002429425935
92001,transition_mid,8501,1.45,9.5,63.128902435302734,68.60155487060547,5.472652435302734,0.0830103181025516
92001,transition_mid,8501,1.5,9.5,65.83397674560547,68.60155487060547,2.767578125,0.0411179427313147
92001,transition_mid,8501,1.55,9.5,68.52928924560547,68.60155487060547,0.072265625,0.0010524311874036
92001,transition_mid,8501,1.6,9.5,71.14061737060547,68.60155487060547,2.5390625,0.0362912927187123
92001,transition_mid,8501,1.65,9.5,73.72460174560547,68.60155487060547,5.123046875,0.0719202013097641
92001,transition_mid,8501,1.7,9.5,76.30663299560547,68.60155487060547,7.705078125,0.1062976799860124
92001,transition_mid,8501,1.75,9.5,78.82030487060547,68.60155487060547,10.21875,0.1386667124483825
92001,transition_mid,8501,1.8,9.5,81.27147674560547,68.60155487060547,12.669921875,0.169252971338343
92001,transition_mid,8501,1.85,9.5,83.71874237060547,68.60155487060547,15.1171875,0.1988848067224893
92001,transition_mid,8501,1.9,9.5,86.13671875,68.60155487060547,17.53516387939453,0.2273242268151458
92001,transition_mid,8501,1.95,9.5,88.533203125,68.60155487060547,19.93164825439453,0.2547347087803752
92001,transition_mid,8501,2.0,9.5,90.849609375,68.60155487060547,22.24805450439453,0.2805337782805404
92001,transition_mid,8502,1.0,9.5,35.697261810302734,68.60545349121094,32.9081916809082,0.6519571725823764
92001,transition_mid,8502,1.05,9.5,39.078121185302734,68.60545349121094,29.527332305908203,0.5617101193639059
92001,transition_mid,8502,1.1,9.5,42.46875,68.60545349121094,26.136703491210938,0.478708161310622
92001,transition_mid,8502,1.15,9.5,45.5546875,68.60545349121094,23.050765991210938,0.4087222920876046
92001,transition_mid,8502,1.2,9.5,48.677734375,68.60545349121094,19.927719116210938,0.3425546313859355
92001,transition_mid,8502,1.25,9.5,51.648433685302734,68.60545349121094,16.957019805908203,0.2834344125813603
92001,transition_mid,8502,1.3,9.5,54.681640625,68.60545349121094,13.923812866210938,0.2264734645888281
92001,transition_mid,8502,1.35,9.5,57.507808685302734,68.60545349121094,11.097644805908203,0.1761704513515321
92001,transition_mid,8502,1.4,9.5,60.376949310302734,68.60545349121094,8.228504180908203,0.1275662880169456
92001,transition_mid,8502,1.45,9.5,63.132808685302734,68.60545349121094,5.472644805908203,0.0830052860965006
92001,transition_mid,8502,1.5,9.5,65.84178924560547,68.60545349121094,2.7636642456054688,0.0410562055930787
92001,transition_mid,8502,1.55,9.5,68.53124237060547,68.60545349121094,0.0742111206054687,0.001080718119257
92001,transition_mid,8502,1.6,9.5,71.14647674560547,68.60545349121094,2.5410232543945312,0.0363167914235104
92001,transition_mid,8502,1.65,9.5,73.72850799560547,68.60545349121094,5.123054504394531,0.0719163669019456
92001,transition_mid,8502,1.7,9.5,76.30077362060547,68.60545349121094,7.695320129394531,0.1061642447272497
92001,transition_mid,8502,1.75,9.5,78.81444549560547,68.60545349121094,10.208992004394531,0.1385357199048419
92001,transition_mid,8502,1.8,9.5,81.26757049560547,68.60545349121094,12.662117004394531,0.1691482194493841
92001,transition_mid,8502,1.85,9.5,83.72850799560547,68.60545349121094,15.123054504394531,0.1989445631964738
92001,transition_mid,8502,1.9,9.5,86.134765625,68.60545349121094,17.529312133789062,0.2272448325575806
92001,transition_mid,8502,1.95,9.5,88.53125,68.60545349121094,19.925796508789062,0.2546559269094056
92001,transition_mid,8502,2.0,9.5,90.8515625,68.60545349121094,22.246109008789062,0.2804985072675511
92001,sparse_drive,8501,1.0,9.5,36.730464935302734,68.44921112060547,31.71874618530273,0.6212265436570336
92001,sparse_drive,8501,1.05,9.5,40.134761810302734,68.44921112060547,28.31444931030273,0.5328205542367351
92001,sparse_drive,8501,1.1,9.5,43.482421875,68.44921112060547,24.96678924560547,0.4528979967983265
92001,sparse_drive,8501,1.15,9.5,46.720703125,68.44921112060547,21.72850799560547,0.3812264182839808
92001,sparse_drive,8501,1.2,9.5,49.8515625,68.44921112060547,18.59764862060547,0.3164981119680624
92001,sparse_drive,8501,1.25,9.5,52.90625,68.44921112060547,15.542961120605469,0.2571420667267839
92001,sparse_drive,8501,1.3,9.5,55.896484375,68.44921112060547,12.552726745605469,0.2022629881080501
92001,sparse_drive,8501,1.35,9.5,58.832027435302734,68.44921112060547,9.617183685302734,0.1511671954679701
92001,sparse_drive,8501,1.4,9.5,61.652339935302734,68.44921112060547,6.796871185302734,0.1044200293754051
92001,sparse_drive,8501,1.45,9.5,64.47069549560547,68.44921112060547,3.978515625,0.0597912200863477
92001,sparse_drive,8501,1.5,9.5,67.24217987060547,68.44921112060547,1.20703125,0.0177651135347995
92001,sparse_drive,8501,1.55,9.5,69.95311737060547,68.44921112060547,1.50390625,0.021701876016764
92001,sparse_drive,8501,1.6,9.5,72.60936737060547,68.44921112060547,4.16015625,0.0589183280488607
92001,sparse_drive,8501,1.65,9.5,75.22655487060547,68.44921112060547,6.77734375,0.0942808291073796
92001,sparse_drive,8501,1.7,9.5,77.83592987060547,68.44921112060547,9.38671875,0.1283351793759984
92001,sparse_drive,8501,1.75,9.5,80.34764862060547,68.44921112060547,11.8984375,0.1600547473207384
92001,sparse_drive,8501,1.8,9.5,82.80272674560547,68.44921112060547,14.353515625,0.1901160557312532
92001,sparse_drive,8501,1.85,9.5,85.228515625,68.44921112060547,16.77930450439453,0.2189567988434786
92001,sparse_drive,8501,1.9,9.5,87.6328125,68.44921112060547,19.18360137939453,0.2467440763606218
92001,sparse_drive,8501,1.95,9.5,90.03515625,68.44921112060547,21.58594512939453,0.273758382108686
92001,sparse_drive,8501,2.0,9.5,92.427734375,68.44921112060547,23.97852325439453,0.2999565328044474
92001,sparse_drive,8502,1.0,9.5,36.724605560302734,68.40819549560547,31.68358993530273,0.6207871292853061
92001,sparse_drive,8502,1.05,9.5,40.140621185302734,68.40819549560547,28.26757431030273,0.5320764177003867
92001,sparse_drive,8502,1.1,9.5,43.48828125,68.40819549560547,24.91991424560547,0.4521650448254228
92001,sparse_drive,8502,1.15,9.5,46.720703125,68.40819549560547,21.68749237060547,0.3806279008125501
92001,sparse_drive,8502,1.2,9.5,49.849609375,68.40819549560547,18.55858612060547,0.315938695639563
92001,sparse_drive,8502,1.25,9.5,52.912109375,68.40819549560547,15.496086120605469,0.2564330141548196
92001,sparse_drive,8502,1.3,9.5,55.90234375,68.40819549560547,12.505851745605469,0.2015598378453047
92001,sparse_drive,8502,1.35,9.5,58.832027435302734,68.40819549560547,9.576168060302734,0.1505686779965394
92001,sparse_drive,8502,1.4,9.5,61.652339935302734,68.40819549560547,6.755855560302734,0.1038215119039744
92001,sparse_drive,8502,1.45,9.5,64.46874237060547,68.40819549560547,3.939453125,0.0592229509268565
92001,sparse_drive,8502,1.5,9.5,67.24608612060547,68.40819549560547,1.162109375,0.017108591752862
92001,sparse_drive,8502,1.55,9.5,69.94139862060547,68.40819549560547,1.533203125,0.0221330957186222
92001,sparse_drive,8502,1.6,9.5,72.61913299560547,68.40819549560547,4.2109375,0.0596511469122482
92001,sparse_drive,8502,1.65,9.5,75.22850799560547,68.40819549560547,6.8203125,0.094905275013779
92001,sparse_drive,8502,1.7,9.5,77.83983612060547,68.40819549560547,9.431640625,0.1289838168898358
92001,sparse_drive,8502,1.75,9.5,80.35350799560547,68.40819549560547,11.9453125,0.1607260967733161
92001,sparse_drive,8502,1.8,9.5,82.80272674560547,68.40819549560547,14.39453125,0.1907145732026839
92001,sparse_drive,8502,1.85,9.5,85.220703125,68.40819549560547,16.81250762939453,0.2194637542197215
92001,sparse_drive,8502,1.9,9.5,87.61328125,68.40819549560547,19.20508575439453,0.2471199470958019
92001,sparse_drive,8502,1.95,9.5,90.0390625,68.40819549560547,21.63086700439453,0.2744002363370607
92001,sparse_drive,8502,2.0,9.5,92.435546875,68.40819549560547,24.02735137939453,0.3006394808549956
92002,transition_mid,8501,1.0,9.5,35.681636810302734,68.32616424560547,32.644527435302734,0.6483204461485492
92002,transition_mid,8501,1.05,9.5,39.076168060302734,68.32616424560547,29.24999618530273,0.5576866654277796
92002,transition_mid,8501,1.1,9.5,42.47265625,68.32616424560547,25.85350799560547,0.4745430945761418
92002,transition_mid,8501,1.15,9.5,45.52734375,68.32616424560547,22.79882049560547,0.4052480892513886
92002,transition_mid,8501,1.2,9.5,48.6953125,68.32616424560547,19.63085174560547,0.3381210167800473
92002,transition_mid,8501,1.25,9.5,51.6328125,68.32616424560547,16.69335174560547,0.2796630183219812
92002,transition_mid,8501,1.3,9.5,54.703125,68.32616424560547,13.623039245605469,0.2220080518221512
92002,transition_mid,8501,1.35,9.5,57.478511810302734,68.32616424560547,10.847652435302734,0.1726058304485005
92002,transition_mid,8501,1.4,9.5,60.373043060302734,68.32616424560547,7.953121185302734,0.1235575732075455
92002,transition_mid,8501,1.45,9.5,63.115230560302734,68.32616424560547,5.210933685302734,0.0792100077000483
92002,transition_mid,8501,1.5,9.5,65.82421112060547,68.32616424560547,2.501953125,0.0372495038461037
92002,transition_mid,8501,1.55,9.5,68.56053924560547,68.32616424560547,0.234375,0.0034193721548847
92002,transition_mid,8501,1.6,9.5,71.14452362060547,68.32616424560547,2.818359375,0.040362685031908
92002,transition_mid,8501,1.65,9.5,73.72069549560547,68.32616424560547,5.39453125,0.0758838493662396
92002,transition_mid,8501,1.7,9.5,76.30858612060547,68.32616424560547,7.982421875,0.1103398039377779
92002,transition_mid,8501,1.75,9.5,78.83788299560547,68.32616424560547,10.51171875,0.1429059822854226
92002,transition_mid,8501,1.8,9.5,81.29686737060547,68.32616424560547,12.970703125,0.1735815181796836
92002,transition_mid,8501,1.85,9.5,83.69139862060547,68.32616424560547,15.365234375,0.2025750907634552
92002,transition_mid,8501,1.9,9.5,86.1328125,68.32616424560547,17.80664825439453,0.2312954909935054
92002,transition_mid,8501,1.95,9.5,88.544921875,68.32616424560547,20.21875762939453,0.2588834783278999
92002,transition_mid,8501,2.0,9.5,90.873046875,68.32616424560547,22.54688262939453,0.2848080047599809
92002,transition_mid,8502,1.0,9.5,35.669918060302734,68.46678924560547,32.796871185302734,0.6507010331925456
92002,transition_mid,8502,1.05,9.5,39.076168060302734,68.46678924560547,29.39062118530273,0.559739691452984
92002,transition_mid,8502,1.1,9.5,42.470703125,68.46678924560547,25.99608612060547,0.4766419991058985
92002,transition_mid,8502,1.15,9.5,45.529296875,68.46678924560547,22.93749237060547,0.4072583101725058
92002,transition_mid,8502,1.2,9.5,48.701171875,68.46678924560547,19.76561737060547,0.3400539693201347
92002,transition_mid,8502,1.25,9.5,51.658203125,68.46678924560547,16.80858612060547,0.2812253616467386
92002,transition_mid,8502,1.3,9.5,54.69921875,68.46678924560547,13.767570495605469,0.2241323582573908
92002,transition_mid,8502,1.35,9.5,57.476558685302734,68.46678924560547,10.990230560302734,0.1746927781237338
92002,transition_mid,8502,1.4,9.5,60.378902435302734,68.46678924560547,8.087886810302734,0.1255137115807065
92002,transition_mid,8502,1.45,9.5,63.107418060302734,68.46678924560547,5.359371185302734,0.0813866270860181
92002,transition_mid,8502,1.5,9.5,65.82811737060547,68.46678924560547,2.638671875,0.0392432779787426
92002,transition_mid,8502,1.55,9.5,68.56053924560547,68.46678924560547,0.09375,0.0013663461296803
92002,transition_mid,8502,1.6,9.5,71.16014862060547,68.46678924560547,2.693359375,0.0385289500631563
92002,transition_mid,8502,1.65,9.5,73.71288299560547,68.46678924560547,5.24609375,0.0737249869847382
92002,transition_mid,8502,1.7,9.5,76.32811737060547,68.46678924560547,7.861328125,0.1085423611548205
92002,transition_mid,8502,1.75,9.5,78.84178924560547,68.46678924560547,10.375,0.14090244014811
92002,transition_mid,8502,1.8,9.5,81.31053924560547,68.46678924560547,12.84375,0.1716964436662229
92002,transition_mid,8502,1.85,9.5,83.69725799560547,68.46678924560547,15.23046875,0.2005919904136597
92002,transition_mid,8502,1.9,9.5,86.134765625,68.46678924560547,17.66797637939453,0.229265114152818
92002,transition_mid,8502,1.95,9.5,88.529296875,68.46678924560547,20.06250762939453,0.2566541717340868
92002,transition_mid,8502,2.0,9.5,90.875,68.46678924560547,22.40821075439453,0.2827764477753474
92002,sparse_drive,8501,1.0,9.5,36.763668060302734,68.45702362060547,31.69335556030273,0.6204393999865512
92002,sparse_drive,8501,1.05,9.5,40.132808685302734,68.45702362060547,28.32421493530273,0.5329830613618322
92002,sparse_drive,8501,1.1,9.5,43.50390625,68.45702362060547,24.95311737060547,0.4525191213471707
92002,sparse_drive,8501,1.15,9.5,46.7421875,68.45702362060547,21.71483612060547,0.3808816214026829
92002,sparse_drive,8501,1.2,9.5,49.818359375,68.45702362060547,18.63866424560547,0.3172770021418954
92002,sparse_drive,8501,1.25,9.5,52.935546875,68.45702362060547,15.521476745605469,0.2567034760879069
92002,sparse_drive,8501,1.3,9.5,55.876949310302734,68.45702362060547,12.580074310302734,0.2027258740411386
92002,sparse_drive,8501,1.35,9.5,58.810543060302734,68.45702362060547,9.646480560302734,0.1516457866137686
92002,sparse_drive,8501,1.4,9.5,61.687496185302734,68.45702362060547,6.769527435302734,0.1039648436847694
92002,sparse_drive,8501,1.45,9.5,64.47069549560547,68.45702362060547,3.986328125,0.059905182810555
92002,sparse_drive,8501,1.5,9.5,67.25780487060547,68.45702362060547,1.19921875,0.0176470792012476
92002,sparse_drive,8501,1.55,9.5,69.93163299560547,68.45702362060547,1.474609375,0.0212811793316897
92002,sparse_drive,8501,1.6,9.5,72.61717987060547,68.45702362060547,4.16015625,0.0589118078811291
92002,sparse_drive,8501,1.65,9.5,75.21288299560547,68.45702362060547,6.755859375,0.0939853485120067
92002,sparse_drive,8501,1.7,9.5,77.87499237060547,68.45702362060547,9.41796875,0.1287223040708869
92002,sparse_drive,8501,1.75,9.5,80.33202362060547,68.45702362060547,11.875,0.1597465400430527
92002,sparse_drive,8501,1.8,9.5,82.78710174560547,68.45702362060547,14.330078125,0.1898136013463879
92002,sparse_drive,8501,1.85,9.5,85.259765625,68.45702362060547,16.80274200439453,0.2192090006868713
92002,sparse_drive,8501,1.9,9.5,87.666015625,68.45702362060547,19.20899200439453,0.2470084993584264
92002,sparse_drive,8501,1.95,9.5,90.060546875,68.45702362060547,21.60352325439453,0.2739260747398507
92002,sparse_drive,8501,2.0,9.5,92.45703125,68.45702362060547,24.00000762939453,0.3001591480022076
92002,sparse_drive,8502,1.0,9.5,36.763668060302734,68.43943786621094,31.675769805908203,0.6201828542770519
92002,sparse_drive,8502,1.05,9.5,40.142574310302734,68.43943786621094,28.296863555908203,0.5324838172100411
92002,sparse_drive,8502,1.1,9.5,43.51171875,68.43943786621094,24.927719116210938,0.4520834219591674
92002,sparse_drive,8502,1.15,9.5,46.744140625,68.43943786621094,21.695297241210938,0.3805833807086674
92002,sparse_drive,8502,1.2,9.5,49.814453125,68.43943786621094,18.624984741210938,0.3170987122664087
92002,sparse_drive,8502,1.25,9.5,52.935546875,68.43943786621094,15.503890991210938,0.2564469303784077
92002,sparse_drive,8502,1.3,9.5,55.869136810302734,68.43943786621094,12.570301055908203,0.2026089044487403
92002,sparse_drive,8502,1.35,9.5,58.810543060302734,68.43943786621094,9.628894805908203,0.1513892409042695
92002,sparse_drive,8502,1.4,9.5,61.693355560302734,68.43943786621094,6.746082305908203,0.1036134713913516
92002,sparse_drive,8502,1.45,9.5,64.48046112060547,68.43943786621094,3.9589767456054688,0.0594974092642407
92002,sparse_drive,8502,1.5,9.5,67.25585174560547,68.43943786621094,1.1835861206054688,0.0174195301807137
92002,sparse_drive,8502,1.55,9.5,69.94530487060547,68.43943786621094,1.5058670043945312,0.0217329302655703
92002,sparse_drive,8502,1.6,9.5,72.60936737060547,68.43943786621094,4.169929504394531,0.0590609110341527
92002,sparse_drive,8502,1.65,9.5,75.21483612060547,68.43943786621094,6.775398254394531,0.0942678273633149
92002,sparse_drive,8502,1.7,9.5,77.86717987060547,68.43943786621094,9.427742004394531,0.128878652381642
92002,sparse_drive,8502,1.75,9.5,80.33592987060547,68.43943786621094,11.896492004394531,0.1600516504283123
92002,sparse_drive,8502,1.8,9.5,82.78905487060547,68.43943786621094,14.349617004394531,0.1900937104565589
92002,sparse_drive,8502,1.85,9.5,85.255859375,68.43943786621094,16.816421508789062,0.2194197831570574
92002,sparse_drive,8502,1.9,9.5,87.658203125,68.43943786621094,19.218765258789062,0.2471760260133382
92002,sparse_drive,8502,1.95,9.5,90.0625,68.43943786621094,21.623062133789062,0.2742042829604257
92002,sparse_drive,8502,2.0,9.5,92.45703125,68.43943786621094,24.017593383789062,0.3004156937117067
92003,transition_mid,8501,1.0,9.5,35.691402435302734,68.48436737060547,32.792964935302734,0.6503569187418305
92003,transition_mid,8501,1.05,9.5,39.078121185302734,68.48436737060547,29.40624618530273,0.5599461699138715
92003,transition_mid,8501,1.1,9.5,42.46875,68.48436737060547,26.01561737060547,0.4769442118605875
92003,transition_mid,8501,1.15,9.5,45.533203125,68.48436737060547,22.95116424560547,0.4074290376059732
92003,transition_mid,8501,1.2,9.5,48.701171875,68.48436737060547,19.78319549560547,0.3403103014653378
92003,transition_mid,8501,1.25,9.5,51.63671875,68.48436737060547,16.84764862060547,0.281896871173003
92003,transition_mid,8501,1.3,9.5,54.693355560302734,68.48436737060547,13.791011810302734,0.2244956901649363
92003,transition_mid,8501,1.35,9.5,57.474609375,68.48436737060547,11.009757995605469,0.174982966813091
92003,transition_mid,8501,1.4,9.5,60.380855560302734,68.48436737060547,8.103511810302734,0.1257377499278308
92003,transition_mid,8501,1.45,9.5,63.126949310302734,68.48436737060547,5.357418060302734,0.0813340044658114
92003,transition_mid,8501,1.5,9.5,65.81249237060547,68.48436737060547,2.671875,0.0397366387618414
92003,transition_mid,8501,1.55,9.5,68.55077362060547,68.48436737060547,0.06640625,0.0009677733371101
92003,transition_mid,8501,1.6,9.5,71.15233612060547,68.48436737060547,2.66796875,0.0381629784007979
92003,transition_mid,8501,1.65,9.5,73.72264862060547,68.48436737060547,5.23828125,0.0736009485347905
92003,transition_mid,8501,1.7,9.5,76.28905487060547,68.48436737060547,7.8046875,0.1077747971856297
92003,transition_mid,8501,1.75,9.5,78.86913299560547,68.48436737060547,10.384765625,0.1409924266727648
92003,transition_mid,8501,1.8,9.5,81.27538299560547,68.48436737060547,12.791015625,0.1710081792007977
92003,transition_mid,8501,1.85,9.5,83.71678924560547,68.48436737060547,15.232421875,0.2005687085456844
92003,transition_mid,8501,1.9,9.5,86.12109375,68.48436737060547,17.63672637939453,0.2288502269422414
92003,transition_mid,8501,1.95,9.5,88.5234375,68.48436737060547,20.03907012939453,0.2563317263633497
92003,transition_mid,8501,2.0,9.5,90.87890625,68.48436737060547,22.39453887939453,0.2825630523285765
92003,transition_mid,8502,1.0,9.5,35.695308685302734,68.60741424560547,32.912105560302734,0.6520402729564704
92003,transition_mid,8502,1.05,9.5,39.066402435302734,68.60741424560547,29.54101181030273,0.5620378169057006
92003,transition_mid,8502,1.1,9.5,42.48046875,68.60741424560547,26.12694549560547,0.4784614473720879
92003,transition_mid,8502,1.15,9.5,45.529296875,68.60741424560547,23.07811737060547,0.4093071299159815
92003,transition_mid,8502,1.2,9.5,48.703125,68.60741424560547,19.90428924560547,0.3420627677722783
92003,transition_mid,8502,1.25,9.5,51.625,68.60741424560547,16.98241424560547,0.2839158918347451
92003,transition_mid,8502,1.3,9.5,54.695308685302734,68.60741424560547,13.912105560302734,0.2262525331093819
92003,transition_mid,8502,1.35,9.5,57.482421875,68.60741424560547,11.124992370605469,0.176639770121361
92003,transition_mid,8502,1.4,9.5,60.371089935302734,68.60741424560547,8.236324310302734,0.1276917169464008
92003,transition_mid,8502,1.45,9.5,63.113277435302734,68.60741424560547,5.494136810302734,0.0833427503768882
92003,transition_mid,8502,1.5,9.5,65.81249237060547,68.60741424560547,2.794921875,0.0415291263601143
92003,transition_mid,8502,1.55,9.5,68.53905487060547,68.60741424560547,0.068359375,0.0009954297490797
92003,transition_mid,8502,1.6,9.5,71.14647674560547,68.60741424560547,2.5390625,0.036288253275272
92003,transition_mid,8502,1.65,9.5,73.71288299560547,68.60741424560547,5.10546875,0.0716761672412624
92003,transition_mid,8502,1.7,9.5,76.28514862060547,68.60741424560547,7.677734375,0.1059311720273292
92003,transition_mid,8502,1.75,9.5,78.85741424560547,68.60741424560547,10.25,0.1390515314732847
92003,transition_mid,8502,1.8,9.5,81.27928924560547,68.60741424560547,12.671875,0.1692636932966938
92003,transition_mid,8502,1.85,9.5,83.70702362060547,68.60741424560547,15.099609375,0.1986597025978516
92003,transition_mid,8502,1.9,9.5,86.119140625,68.60741424560547,17.51172637939453,0.2270350865679831
92003,transition_mid,8502,1.95,9.5,88.51953125,68.60741424560547,19.91211700439453,0.2544951608529522
92003,transition_mid,8502,2.0,9.5,90.875,68.60741424560547,22.26758575439453,0.2807276280318715
92003,sparse_drive,8501,1.0,9.5,36.714839935302734,68.44725036621094,31.732410430908203,0.6216222708436808
92003,sparse_drive,8501,1.05,9.5,40.117183685302734,68.44725036621094,28.330066680908203,0.5332289346924998
92003,sparse_drive,8501,1.1,9.5,43.48828125,68.44725036621094,24.958969116210938,0.4527349582851468
92003,sparse_drive,8501,1.15,9.5,46.728515625,68.44725036621094,21.718734741210938,0.3810309682457422
92003,sparse_drive,8501,1.2,9.5,49.83203125,68.44725036621094,18.615219116210938,0.3168605882031841
92003,sparse_drive,8501,1.25,9.5,52.93359375,68.44725036621094,15.513656616210938,0.2565977367456855
92003,sparse_drive,8501,1.3,9.5,55.869136810302734,68.44725036621094,12.578113555908203,0.2027228834223254
92003,sparse_drive,8501,1.35,9.5,58.832027435302734,68.44725036621094,9.615222930908203,0.1511385914562631
92003,sparse_drive,8501,1.4,9.5,61.671871185302734,68.44725036621094,6.775379180908203,0.1040751918093923
92003,sparse_drive,8501,1.45,9.5,64.46874237060547,68.44725036621094,3.9785079956054688,0.0597928643865805
92003,sparse_drive,8501,1.5,9.5,67.26757049560547,68.44725036621094,1.1796798706054688,0.017359541631286
92003,sparse_drive,8501,1.55,9.5,69.92967987060547,68.44725036621094,1.4824295043945312,0.0213958564960989
92003,sparse_drive,8501,1.6,9.5,72.59374237060547,68.44725036621094,4.146492004394531,0.0587320123097045
92003,sparse_drive,8501,1.65,9.5,75.24608612060547,68.44725036621094,6.798835754394531,0.0945686872209713
92003,sparse_drive,8501,1.7,9.5,77.84764862060547,68.44725036621094,9.400398254394531,0.1285141359794984
92003,sparse_drive,8501,1.75,9.5,80.34764862060547,68.44725036621094,11.900398254394531,0.1600833513324452
92003,sparse_drive,8501,1.8,9.5,82.80272674560547,68.44725036621094,14.355476379394531,0.19014465974296
92003,sparse_drive,8501,1.85,9.5,85.259765625,68.44725036621094,16.812515258789062,0.2193515674227854
92003,sparse_drive,8501,1.9,9.5,87.666015625,68.44725036621094,19.218765258789062,0.2471510660943404
92003,sparse_drive,8501,1.95,9.5,90.068359375,68.44725036621094,21.621109008789062,0.2741552887046239
92003,sparse_drive,8501,2.0,9.5,92.455078125,68.44725036621094,24.007827758789062,0.3002806126610434
92003,sparse_drive,8502,1.0,9.5,36.726558685302734,68.44335174560547,31.71679306030273,0.6212471290104619
92003,sparse_drive,8502,1.05,9.5,40.113277435302734,68.44335174560547,28.33007431030273,0.5332691917343066
92003,sparse_drive,8502,1.1,9.5,43.482421875,68.44335174560547,24.96092987060547,0.4528125162313131
92003,sparse_drive,8502,1.15,9.5,46.7265625,68.44335174560547,21.71678924560547,0.3810158005873664
92003,sparse_drive,8502,1.2,9.5,49.810546875,68.44335174560547,18.63280487060547,0.3172340766431543
92003,sparse_drive,8502,1.25,9.5,52.927734375,68.44335174560547,15.515617370605469,0.2566513505096977
92003,sparse_drive,8502,1.3,9.5,55.859375,68.44335174560547,12.583976745605469,0.2028404362446563
92003,sparse_drive,8502,1.35,9.5,58.832027435302734,68.44335174560547,9.611324310302734,0.1510817149009566
92003,sparse_drive,8502,1.4,9.5,61.669918060302734,68.44335174560547,6.773433685302734,0.1040499341097308
92003,sparse_drive,8502,1.45,9.5,64.45702362060547,68.44335174560547,3.986328125,0.0599174969195989
92003,sparse_drive,8502,1.5,9.5,67.24217987060547,68.44335174560547,1.201171875,0.0176796329677862
92003,sparse_drive,8502,1.55,9.5,69.93749237060547,68.44335174560547,1.494140625,0.0215642866707596
92003,sparse_drive,8502,1.6,9.5,72.59178924560547,68.44335174560547,4.1484375,0.0587620206480929
92003,sparse_drive,8502,1.65,9.5,75.24217987060547,68.44335174560547,6.798828125,0.0945737183326374
92003,sparse_drive,8502,1.7,9.5,77.83788299560547,68.44335174560547,9.39453125,0.1284457202782176
92003,sparse_drive,8502,1.75,9.5,80.35350799560547,68.44335174560547,11.91015625,0.1602130598688987
92003,sparse_drive,8502,1.8,9.5,82.80077362060547,68.44335174560547,14.357421875,0.1901779767835908
92003,sparse_drive,8502,1.85,9.5,85.25,68.44335174560547,16.80664825439453,0.2192940319528058
92003,sparse_drive,8502,1.9,9.5,87.666015625,68.44335174560547,19.22266387939453,0.2472079426496472
92003,sparse_drive,8502,1.95,9.5,90.06640625,68.44335174560547,21.62305450439453,0.2741905041565565
92003,sparse_drive,8502,2.0,9.5,92.45703125,68.44335174560547,24.01367950439453,0.3003585912934282
