task_id,graph_seed,topology,regime,k,complexity_fraction,method,score,sel_total_degree,sel_feedback,sel_cycle3,sel_bridge,sel_spectral,coverage1,coverage2,optimizer_search_best,phase,evidence_source
08a5ea2f4247b307e6,41001,scale_free,transition_dense,24,,cycle_proxy,0.3942109942436218,105.66666666666669,2891.625,456.9583333333333,0.0,0.1223089913354844,0.98046875,1.0,0.484301745891571,stage4a_discovery,cleaned_stage4a_local
08a5ea2f4247b307e6,41001,scale_free,transition_dense,24,,dynamics_aware,0.3542332649230957,99.08333333333331,2636.75,405.0,0.0,0.1134657314825819,0.97265625,1.0,0.484301745891571,stage4a_discovery,cleaned_stage4a_local
08a5ea2f4247b307e6,41001,scale_free,transition_dense,24,,feedback_hub,0.3261192440986633,106.625,2941.5,453.1666666666667,0.0,0.1222874248570891,0.98046875,1.0,0.484301745891571,stage4a_discovery,cleaned_stage4a_local
08a5ea2f4247b307e6,41001,scale_free,transition_dense,24,,high_degree,0.3261192440986633,106.625,2941.5,453.1666666666667,0.0,0.1222874248570891,0.98046875,1.0,0.484301745891571,stage4a_discovery,cleaned_stage4a_local
08a5ea2f4247b307e6,41001,scale_free,transition_dense,24,,module_bridge,0.3261192440986633,106.625,2941.5,453.1666666666667,0.0,0.1222874248570891,0.98046875,1.0,0.484301745891571,stage4a_discovery,cleaned_stage4a_local
08a5ea2f4247b307e6,41001,scale_free,transition_dense,24,,random,0.05923924106173213,49.25,806.6263020833334,116.69140625,0.0,0.0549985979339824,0.8699951171875,1.0,0.484301745891571,stage4a_discovery,cleaned_stage4a_local
08a5ea2f4247b307e6,41001,scale_free,transition_dense,24,,spectral,0.3548279404640198,105.95833333333331,2906.375,454.9583333333333,0.0,0.1223943784159528,0.98046875,1.0,0.484301745891571,stage4a_discovery,cleaned_stage4a_local
0a1ca52153dfb8430e,41002,scale_free,transition_mid,64,,cycle_proxy,0.6757817268371582,47.84375,690.28125,63.5,0.0,0.1000128972868037,0.9921875,1.0,0.8237923383712769,stage4a_discovery,cleaned_stage4a_local
0a1ca52153dfb8430e,41002,scale_free,transition_mid,64,,dynamics_aware,0.604839563369751,45.5,649.078125,58.375,0.0,0.0942012988115976,0.9921875,1.0,0.8237923383712769,stage4a_discovery,cleaned_stage4a_local
0a1ca52153dfb8430e,41002,scale_free,transition_mid,64,,feedback_hub,0.6636096239089966,48.296875,697.34375,62.328125,0.0,0.0994437627639998,0.9921875,1.0,0.8237923383712769,stage4a_discovery,cleaned_stage4a_local
0a1ca52153dfb8430e,41002,scale_free,transition_mid,64,,high_degree,0.5739806890487671,48.3125,697.328125,62.40625,0.0,0.0995456539564133,0.9921875,1.0,0.8237923383712769,stage4a_discovery,cleaned_stage4a_local
0a1ca52153dfb8430e,41002,scale_free,transition_mid,64,,module_bridge,0.5739806890487671,48.3125,697.328125,62.40625,0.0,0.0995456539564133,0.9921875,1.0,0.8237923383712769,stage4a_discovery,cleaned_stage4a_local
0a1ca52153dfb8430e,41002,scale_free,transition_mid,64,,random,0.25583548145368695,25.3740234375,247.96044921875,21.4453125,0.0,0.05223543811469015,0.93798828125,1.0,0.8237923383712769,stage4a_discovery,cleaned_stage4a_local
0a1ca52153dfb8430e,41002,scale_free,transition_mid,64,,spectral,0.7416244745254517,47.875,690.4375,63.140625,0.0,0.1004528648688429,0.98828125,1.0,0.8237923383712769,stage4a_discovery,cleaned_stage4a_local
151594d08d5daf4e5f,41002,scale_free,transition_dense,48,,cycle_proxy,0.6122736930847168,96.79166666666669,2472.9791666666665,380.0416666666667,0.0,0.1101554102123396,1.0,1.0,0.7889144420623779,stage4a_discovery,cleaned_stage4a_local
151594d08d5daf4e5f,41002,scale_free,transition_dense,48,,dynamics_aware,0.6869402527809143,88.97916666666667,2190.4791666666665,335.3541666666667,0.0,0.1011620798817934,1.0,1.0,0.7889144420623779,stage4a_discovery,cleaned_stage4a_local
151594d08d5daf4e5f,41002,scale_free,transition_dense,48,,feedback_hub,0.621326744556427,96.97916666666669,2478.6875,377.9166666666667,0.0,0.109795527561199,1.0,1.0,0.7889144420623779,stage4a_discovery,cleaned_stage4a_local
151594d08d5daf4e5f,41002,scale_free,transition_dense,48,,high_degree,0.621326744556427,96.97916666666669,2478.6875,377.9166666666667,0.0,0.109795527561199,1.0,1.0,0.7889144420623779,stage4a_discovery,cleaned_stage4a_local
151594d08d5daf4e5f,41002,scale_free,transition_dense,48,,module_bridge,0.621326744556427,96.97916666666669,2478.6875,377.9166666666667,0.0,0.109795527561199,1.0,1.0,0.7889144420623779,stage4a_discovery,cleaned_stage4a_local
151594d08d5daf4e5f,41002,scale_free,transition_dense,48,,random,0.31475586444139475,49.758463541666664,826.4661458333334,121.86263020833333,0.0,0.05563026555092396,0.979736328125,1.0,0.7889144420623779,stage4a_discovery,cleaned_stage4a_local
151594d08d5daf4e5f,41002,scale_free,transition_dense,48,,spectral,0.664291262626648,96.97916666666669,2477.6666666666665,379.9166666666667,0.0,0.1101819632081763,1.0,1.0,0.7889144420623779,stage4a_discovery,cleaned_stage4a_local
229884affadd81a308,41001,scale_free,transition_mid,64,,cycle_proxy,0.3986784517765045,47.9375,698.171875,64.90625,0.0,0.0999922226041408,0.99609375,1.0,0.8244380354881287,stage4a_discovery,cleaned_stage4a_local
229884affadd81a308,41001,scale_free,transition_mid,64,,dynamics_aware,0.4813346564769745,44.5,623.21875,57.78125,0.0,0.0932883412867769,0.98046875,1.0,0.8244380354881287,stage4a_discovery,cleaned_stage4a_local
229884affadd81a308,41001,scale_free,transition_mid,64,,feedback_hub,0.450446605682373,48.4375,705.53125,64.359375,0.0,0.0998570260759721,0.9921875,1.0,0.8244380354881287,stage4a_discovery,cleaned_stage4a_local
229884affadd81a308,41001,scale_free,transition_mid,64,,high_degree,0.3924783766269684,48.484375,705.375,64.0,0.0,0.0998832868277656,0.9921875,1.0,0.8244380354881287,stage4a_discovery,cleaned_stage4a_local
229884affadd81a308,41001,scale_free,transition_mid,64,,module_bridge,0.3924783766269684,48.484375,705.375,64.0,0.0,0.0998832868277656,0.9921875,1.0,0.8244380354881287,stage4a_discovery,cleaned_stage4a_local
229884affadd81a308,41001,scale_free,transition_mid,64,,random,0.25383793516084546,25.67626953125,256.80322265625,22.73876953125,0.0,0.05248457935890236,0.942138671875,1.0,0.8244380354881287,stage4a_discovery,cleaned_stage4a_local
229884affadd81a308,41001,scale_free,transition_mid,64,,spectral,0.5343521237373352,48.1875,701.28125,64.578125,0.0,0.1004659917346594,0.9921875,1.0,0.8244380354881287,stage4a_discovery,cleaned_stage4a_local
22de7356ee52c0561b,41002,scale_free,transition_mid,16,,cycle_proxy,0.202434092760086,74.375,1451.25,135.4375,0.0,0.1565776424567612,0.88671875,1.0,0.2757065296173095,stage4a_discovery,cleaned_stage4a_local
22de7356ee52c0561b,41002,scale_free,transition_mid,16,,dynamics_aware,0.2245332598686218,67.125,1287.0625,118.4375,0.0,0.1407399084671925,0.875,1.0,0.2757065296173095,stage4a_discovery,cleaned_stage4a_local
22de7356ee52c0561b,41002,scale_free,transition_mid,16,,feedback_hub,0.1768622398376464,74.8125,1465.5625,134.5,0.0,0.1562138205696446,0.89453125,1.0,0.2757065296173095,stage4a_discovery,cleaned_stage4a_local
22de7356ee52c0561b,41002,scale_free,transition_mid,16,,high_degree,0.1768622398376464,74.8125,1465.5625,134.5,0.0,0.1562138205696446,0.89453125,1.0,0.2757065296173095,stage4a_discovery,cleaned_stage4a_local
22de7356ee52c0561b,41002,scale_free,transition_mid,16,,module_bridge,0.1768622398376464,74.8125,1465.5625,134.5,0.0,0.1562138205696446,0.89453125,1.0,0.2757065296173095,stage4a_discovery,cleaned_stage4a_local
22de7356ee52c0561b,41002,scale_free,transition_mid,16,,random,0.023605611931998238,26.025390625,257.146484375,22.66796875,0.0,0.05388882047757505,0.5419921875,0.99609375,0.2757065296173095,stage4a_discovery,cleaned_stage4a_local
22de7356ee52c0561b,41002,scale_free,transition_mid,16,,spectral,0.1009831130504608,74.0,1439.5,134.3125,0.0,0.1570464144753114,0.859375,1.0,0.2757065296173095,stage4a_discovery,cleaned_stage4a_local
23b2ccf39e277809ec,41001,scale_free,transition_dense,32,,cycle_proxy,0.3987365067005157,103.0,2755.09375,431.40625,0.0,0.1188283918673488,0.99609375,1.0,0.6015898585319519,stage4a_discovery,cleaned_stage4a_local
23b2ccf39e277809ec,41001,scale_free,transition_dense,32,,dynamics_aware,0.3448967039585113,90.96875,2290.0625,357.9375,0.0,0.1044535148674195,0.9921875,1.0,0.6015898585319519,stage4a_discovery,cleaned_stage4a_local
23b2ccf39e277809ec,41001,scale_free,transition_dense,32,,feedback_hub,0.3123979568481445,103.1875,2764.46875,427.9375,0.0,0.1184274157740792,0.98828125,1.0,0.6015898585319519,stage4a_discovery,cleaned_stage4a_local
23b2ccf39e277809ec,41001,scale_free,transition_dense,32,,high_degree,0.2152597606182098,103.21875,2764.375,426.90625,0.0,0.1184500905899781,0.98828125,1.0,0.6015898585319519,stage4a_discovery,cleaned_stage4a_local
23b2ccf39e277809ec,41001,scale_free,transition_dense,32,,module_bridge,0.2152597606182098,103.21875,2764.375,426.90625,0.0,0.1184500905899781,0.98828125,1.0,0.6015898585319519,stage4a_discovery,cleaned_stage4a_local
23b2ccf39e277809ec,41001,scale_free,transition_dense,32,,random,0.09817642183043059,51.087890625,867.1162109375,125.955078125,0.0,0.05725034556855582,0.93701171875,1.0,0.6015898585319519,stage4a_discovery,cleaned_stage4a_local
23b2ccf39e277809ec,41001,scale_free,transition_dense,32,,spectral,0.408940315246582,102.90625,2749.5625,430.71875,0.0,0.1189411841964958,0.99609375,1.0,0.6015898585319519,stage4a_discovery,cleaned_stage4a_local
2ad4c7bade1b558838,41001,scale_free,sparse_drive,32,,cycle_proxy,0.273537278175354,61.71875,1066.5,103.0625,0.0,0.1303464495104372,0.953125,1.0,0.5813050270080566,stage4a_discovery,cleaned_stage4a_local
2ad4c7bade1b558838,41001,scale_free,sparse_drive,32,,dynamics_aware,0.4511906206607818,55.125,906.96875,88.65625,0.0,0.1164926889772689,0.93359375,1.0,0.5813050270080566,stage4a_discovery,cleaned_stage4a_local
2ad4c7bade1b558838,41001,scale_free,sparse_drive,32,,feedback_hub,0.3016984760761261,62.1875,1075.3125,102.71875,0.0,0.1301710958954575,0.95703125,1.0,0.5813050270080566,stage4a_discovery,cleaned_stage4a_local
2ad4c7bade1b558838,41001,scale_free,sparse_drive,32,,high_degree,0.3016984760761261,62.1875,1075.3125,102.71875,0.0,0.1301710958954575,0.95703125,1.0,0.5813050270080566,stage4a_discovery,cleaned_stage4a_local
2ad4c7bade1b558838,41001,scale_free,sparse_drive,32,,module_bridge,0.3016984760761261,62.1875,1075.3125,102.71875,0.0,0.1301710958954575,0.95703125,1.0,0.5813050270080566,stage4a_discovery,cleaned_stage4a_local
2ad4c7bade1b558838,41001,scale_free,sparse_drive,32,,random,0.03694273973815139,26.3310546875,269.1103515625,23.890625,0.0,0.05401174008415401,0.7835693359375,0.999755859375,0.5813050270080566,stage4a_discovery,cleaned_stage4a_local
2ad4c7bade1b558838,41001,scale_free,sparse_drive,32,,spectral,0.2254573404788971,61.84375,1068.9375,102.78125,0.0,0.1308121188301687,0.94921875,1.0,0.5813050270080566,stage4a_discovery,cleaned_stage4a_local
2c6392cefb484c681b,41001,scale_free,transition_dense,64,,cycle_proxy,0.3565035760402679,88.421875,2100.09375,320.1875,0.0,0.1005783545185416,1.0,1.0,0.8227571249008179,stage4a_discovery,cleaned_stage4a_local
2c6392cefb484c681b,41001,scale_free,transition_dense,64,,dynamics_aware,0.7878016233444214,59.375,1151.75,172.546875,0.0,0.0672830399814656,1.0,1.0,0.8227571249008179,stage4a_discovery,cleaned_stage4a_local
2c6392cefb484c681b,41001,scale_free,transition_dense,64,,feedback_hub,0.4088177680969238,88.546875,2103.53125,319.0,0.0,0.1005390546323584,1.0,1.0,0.8227571249008179,stage4a_discovery,cleaned_stage4a_local
2c6392cefb484c681b,41001,scale_free,transition_dense,64,,high_degree,0.4088177680969238,88.546875,2103.53125,319.0,0.0,0.1005390546323584,1.0,1.0,0.8227571249008179,stage4a_discovery,cleaned_stage4a_local
2c6392cefb484c681b,41001,scale_free,transition_dense,64,,module_bridge,0.4088177680969238,88.546875,2103.53125,319.0,0.0,0.1005390546323584,1.0,1.0,0.8227571249008179,stage4a_discovery,cleaned_stage4a_local
2c6392cefb484c681b,41001,scale_free,transition_dense,64,,random,0.36612606840208173,49.640625,820.060546875,118.97998046875,0.0,0.055471050772127585,0.99267578125,1.0,0.8227571249008179,stage4a_discovery,cleaned_stage4a_local
2c6392cefb484c681b,41001,scale_free,transition_dense,64,,spectral,0.3107910752296448,88.3125,2095.015625,319.765625,0.0,0.1006809397707178,1.0,1.0,0.8227571249008179,stage4a_discovery,cleaned_stage4a_local
3251258fc98d99b0f6,41002,scale_free,transition_dense,64,,cycle_proxy,0.3233111202716827,88.359375,2117.65625,323.0625,0.0,0.100241029661339,1.0,1.0,0.811133861541748,stage4a_discovery,cleaned_stage4a_local
3251258fc98d99b0f6,41002,scale_free,transition_dense,64,,dynamics_aware,0.7075631618499756,56.71875,1028.125,153.578125,0.0,0.0637455445051531,0.99609375,1.0,0.811133861541748,stage4a_discovery,cleaned_stage4a_local
3251258fc98d99b0f6,41002,scale_free,transition_dense,64,,feedback_hub,0.2918859720230102,88.453125,2120.828125,322.78125,0.0,0.1001957811026643,1.0,1.0,0.811133861541748,stage4a_discovery,cleaned_stage4a_local
3251258fc98d99b0f6,41002,scale_free,transition_dense,64,,high_degree,0.2918859720230102,88.453125,2120.828125,322.78125,0.0,0.1001957811026643,1.0,1.0,0.811133861541748,stage4a_discovery,cleaned_stage4a_local
3251258fc98d99b0f6,41002,scale_free,transition_dense,64,,module_bridge,0.2918859720230102,88.453125,2120.828125,322.78125,0.0,0.1001957811026643,1.0,1.0,0.811133861541748,stage4a_discovery,cleaned_stage4a_local
3251258fc98d99b0f6,41002,scale_free,transition_dense,64,,random,0.3382084369659424,49.70849609375,828.44970703125,121.41796875,0.0,0.055475270439202785,0.9932861328125,1.0,0.811133861541748,stage4a_discovery,cleaned_stage4a_local
3251258fc98d99b0f6,41002,scale_free,transition_dense,64,,spectral,0.4455190300941467,88.34375,2117.203125,322.8125,0.0,0.1002701697895522,1.0,1.0,0.811133861541748,stage4a_discovery,cleaned_stage4a_local
35b69db5735d0be061,41002,scale_free,sparse_drive,24,,cycle_proxy,0.2774188220500946,67.45833333333333,1224.6666666666667,114.70833333333331,0.0,0.1438057324914864,0.9296875,1.0,0.4548309445381164,stage4a_discovery,cleaned_stage4a_local
35b69db5735d0be061,41002,scale_free,sparse_drive,24,,dynamics_aware,0.3103532195091247,63.75,1135.0416666666667,103.66666666666669,0.0,0.1332516949979012,0.93359375,1.0,0.4548309445381164,stage4a_discovery,cleaned_stage4a_local
35b69db5735d0be061,41002,scale_free,sparse_drive,24,,feedback_hub,0.30789315700531,68.125,1243.125,113.66666666666669,0.0,0.1425685662463137,0.9609375,1.0,0.4548309445381164,stage4a_discovery,cleaned_stage4a_local
35b69db5735d0be061,41002,scale_free,sparse_drive,24,,high_degree,0.2671629786491394,68.16666666666667,1242.2916666666667,113.83333333333331,0.0,0.1433718455895663,0.94921875,1.0,0.4548309445381164,stage4a_discovery,cleaned_stage4a_local
35b69db5735d0be061,41002,scale_free,sparse_drive,24,,module_bridge,0.2671629786491394,68.16666666666667,1242.2916666666667,113.83333333333331,0.0,0.1433718455895663,0.94921875,1.0,0.4548309445381164,stage4a_discovery,cleaned_stage4a_local
35b69db5735d0be061,41002,scale_free,sparse_drive,24,,random,0.021772473119199234,25.171875,244.98567708333331,21.026041666666664,0.0,0.051837139314139045,0.666015625,0.9989013671875,0.4548309445381164,stage4a_discovery,cleaned_stage4a_local
35b69db5735d0be061,41002,scale_free,sparse_drive,24,,spectral,0.1898679137229919,67.20833333333333,1217.0833333333333,114.20833333333331,0.0,0.1440985697406682,0.92578125,1.0,0.4548309445381164,stage4a_discovery,cleaned_stage4a_local
3a498edf1588d7c5e3,41002,scale_free,transition_dense,16,,cycle_proxy,0.1335948705673217,113.1875,3316.0,503.75,0.0,0.1278191084587413,0.93359375,1.0,0.3220841586589813,stage4a_discovery,cleaned_stage4a_local
3a498edf1588d7c5e3,41002,scale_free,transition_dense,16,,dynamics_aware,0.1879459768533706,46.8125,782.5,111.5,0.0,0.0513525412196518,0.7890625,1.0,0.3220841586589813,stage4a_discovery,cleaned_stage4a_local
3a498edf1588d7c5e3,41002,scale_free,transition_dense,16,,feedback_hub,0.1187558993697166,113.5,3333.3125,501.5,0.0,0.1276120440188277,0.9375,1.0,0.3220841586589813,stage4a_discovery,cleaned_stage4a_local
3a498edf1588d7c5e3,41002,scale_free,transition_dense,16,,high_degree,0.1187558993697166,113.5,3333.3125,501.5,0.0,0.1276120440188277,0.9375,1.0,0.3220841586589813,stage4a_discovery,cleaned_stage4a_local
3a498edf1588d7c5e3,41002,scale_free,transition_dense,16,,module_bridge,0.1187558993697166,113.5,3333.3125,501.5,0.0,0.1276120440188277,0.9375,1.0,0.3220841586589813,stage4a_discovery,cleaned_stage4a_local
3a498edf1588d7c5e3,41002,scale_free,transition_dense,16,,random,0.0671351364580914,51.046875,859.708984375,126.296875,0.0,0.05703857002789065,0.77294921875,1.0,0.3220841586589813,stage4a_discovery,cleaned_stage4a_local
3a498edf1588d7c5e3,41002,scale_free,transition_dense,16,,spectral,0.1335948705673217,113.1875,3316.0,503.75,0.0,0.1278191084587413,0.93359375,1.0,0.3220841586589813,stage4a_discovery,cleaned_stage4a_local
4d2b2250d84c9f8d71,41001,scale_free,sparse_drive,24,,cycle_proxy,0.3270371258258819,67.41666666666667,1243.625,121.5,0.0,0.1430107273397614,0.921875,1.0,0.4632113575935364,stage4a_discovery,cleaned_stage4a_local
4d2b2250d84c9f8d71,41001,scale_free,sparse_drive,24,,dynamics_aware,0.2446806281805038,64.125,1183.0833333333333,112.375,0.0,0.1344503826810505,0.91796875,1.0,0.4632113575935364,stage4a_discovery,cleaned_stage4a_local
4d2b2250d84c9f8d71,41001,scale_free,sparse_drive,24,,feedback_hub,0.2090091407299041,67.79166666666667,1253.125,120.45833333333331,0.0,0.1429421940870655,0.92578125,1.0,0.4632113575935364,stage4a_discovery,cleaned_stage4a_local
4d2b2250d84c9f8d71,41001,scale_free,sparse_drive,24,,high_degree,0.2090091407299041,67.79166666666667,1253.125,120.45833333333331,0.0,0.1429421940870655,0.92578125,1.0,0.4632113575935364,stage4a_discovery,cleaned_stage4a_local
4d2b2250d84c9f8d71,41001,scale_free,sparse_drive,24,,module_bridge,0.2090091407299041,67.79166666666667,1253.125,120.45833333333331,0.0,0.1429421940870655,0.92578125,1.0,0.4632113575935364,stage4a_discovery,cleaned_stage4a_local
4d2b2250d84c9f8d71,41001,scale_free,sparse_drive,24,,random,0.01924684355617496,25.036458333333332,240.84765625,21.233072916666668,0.0,0.05124748715243606,0.6695556640625,0.9991455078125,0.4632113575935364,stage4a_discovery,cleaned_stage4a_local
4d2b2250d84c9f8d71,41001,scale_free,sparse_drive,24,,spectral,0.2464104443788528,67.70833333333333,1249.5833333333333,120.75,0.0,0.1433445262399008,0.921875,1.0,0.4632113575935364,stage4a_discovery,cleaned_stage4a_local
51ac527f7bd5d6d3bf,41001,scale_free,sparse_drive,8,,cycle_proxy,0.0364090278744697,82.625,1799.5,168.125,0.0,0.1720241634692384,0.69921875,1.0,0.3262489438056946,stage4a_discovery,cleaned_stage4a_local
51ac527f7bd5d6d3bf,41001,scale_free,sparse_drive,8,,dynamics_aware,0.1192284151911735,21.25,144.375,9.375,0.0,0.0419743884782505,0.30859375,0.98046875,0.3262489438056946,stage4a_discovery,cleaned_stage4a_local
51ac527f7bd5d6d3bf,41001,scale_free,sparse_drive,8,,feedback_hub,0.0216084383428096,83.875,1833.125,168.0,0.0,0.1724712832475078,0.73046875,1.0,0.3262489438056946,stage4a_discovery,cleaned_stage4a_local
51ac527f7bd5d6d3bf,41001,scale_free,sparse_drive,8,,high_degree,0.0216084383428096,83.875,1833.125,168.0,0.0,0.1724712832475078,0.73046875,1.0,0.3262489438056946,stage4a_discovery,cleaned_stage4a_local
51ac527f7bd5d6d3bf,41001,scale_free,sparse_drive,8,,module_bridge,0.0216084383428096,83.875,1833.125,168.0,0.0,0.1724712832475078,0.73046875,1.0,0.3262489438056946,stage4a_discovery,cleaned_stage4a_local
51ac527f7bd5d6d3bf,41001,scale_free,sparse_drive,8,,random,0.038717178045771974,26.30859375,271.21484375,23.52734375,0.0,0.05386451115349486,0.352294921875,0.9844970703125,0.3262489438056946,stage4a_discovery,cleaned_stage4a_local
51ac527f7bd5d6d3bf,41001,scale_free,sparse_drive,8,,spectral,0.0216084383428096,83.875,1833.125,168.0,0.0,0.1724712832475078,0.73046875,1.0,0.3262489438056946,stage4a_discovery,cleaned_stage4a_local
6ec131c81e0a642653,41002,scale_free,sparse_drive,48,,cycle_proxy,0.3780168294906616,53.91666666666666,838.3333333333334,77.16666666666667,0.0,0.112722862593946,0.98828125,1.0,0.7408138513565063,stage4a_discovery,cleaned_stage4a_local
6ec131c81e0a642653,41002,scale_free,sparse_drive,48,,dynamics_aware,0.3296722173690796,50.91666666666666,781.0416666666666,70.41666666666667,0.0,0.1052523232027772,0.98828125,1.0,0.7408138513565063,stage4a_discovery,cleaned_stage4a_local
6ec131c81e0a642653,41002,scale_free,sparse_drive,48,,feedback_hub,0.5105289220809937,54.29166666666666,844.9375,76.52083333333333,0.0,0.1126639292728238,0.98828125,1.0,0.7408138513565063,stage4a_discovery,cleaned_stage4a_local
6ec131c81e0a642653,41002,scale_free,sparse_drive,48,,high_degree,0.3434226512908935,54.29166666666666,844.8125,76.58333333333333,0.0,0.1126377052918379,0.98828125,1.0,0.7408138513565063,stage4a_discovery,cleaned_stage4a_local
6ec131c81e0a642653,41002,scale_free,sparse_drive,48,,module_bridge,0.3434226512908935,54.29166666666666,844.8125,76.58333333333333,0.0,0.1126377052918379,0.98828125,1.0,0.7408138513565063,stage4a_discovery,cleaned_stage4a_local
6ec131c81e0a642653,41002,scale_free,sparse_drive,48,,random,0.10752230061916629,25.604166666666664,251.896484375,21.759114583333332,0.0,0.05280061381841443,0.88134765625,0.999755859375,0.7408138513565063,stage4a_discovery,cleaned_stage4a_local
6ec131c81e0a642653,41002,scale_free,sparse_drive,48,,spectral,0.6049285531044006,54.208333333333336,842.9166666666666,76.85416666666667,0.0,0.1131683569789161,0.984375,1.0,0.7408138513565063,stage4a_discovery,cleaned_stage4a_local
70d22d4b6ccb72a498,41002,scale_free,sparse_drive,8,,cycle_proxy,0.0342747345566749,83.5,1783.875,161.5,0.0,0.1719483551328944,0.6875,1.0,0.3142588138580322,stage4a_discovery,cleaned_stage4a_local
70d22d4b6ccb72a498,41002,scale_free,sparse_drive,8,,dynamics_aware,0.1399444639682769,16.625,84.875,6.625,0.0,0.035770542158714,0.26171875,0.94921875,0.3142588138580322,stage4a_discovery,cleaned_stage4a_local
70d22d4b6ccb72a498,41002,scale_free,sparse_drive,8,,feedback_hub,0.0219092518091201,84.125,1796.375,158.875,0.0,0.1717305797712429,0.71875,1.0,0.3142588138580322,stage4a_discovery,cleaned_stage4a_local
70d22d4b6ccb72a498,41002,scale_free,sparse_drive,8,,high_degree,0.0219092518091201,84.125,1796.375,158.875,0.0,0.1717305797712429,0.71875,1.0,0.3142588138580322,stage4a_discovery,cleaned_stage4a_local
70d22d4b6ccb72a498,41002,scale_free,sparse_drive,8,,module_bridge,0.0219092518091201,84.125,1796.375,158.875,0.0,0.1717305797712429,0.71875,1.0,0.3142588138580322,stage4a_discovery,cleaned_stage4a_local
70d22d4b6ccb72a498,41002,scale_free,sparse_drive,8,,random,0.048133499280083876,25.5625,253.70703125,22.109375,0.0,0.05276743501397331,0.34619140625,0.9796142578125,0.3142588138580322,stage4a_discovery,cleaned_stage4a_local
70d22d4b6ccb72a498,41002,scale_free,sparse_drive,8,,spectral,0.0342747345566749,83.5,1783.875,161.5,0.0,0.1719483551328944,0.6875,1.0,0.3142588138580322,stage4a_discovery,cleaned_stage4a_local
746a5e0848f6435a01,41001,scale_free,transition_dense,8,,cycle_proxy,0.0497919507324695,111.25,3196.875,489.125,0.0,0.1270859066169878,0.7890625,1.0,0.3607968091964721,stage4a_discovery,cleaned_stage4a_local
746a5e0848f6435a01,41001,scale_free,transition_dense,8,,dynamics_aware,0.2042728215456009,67.0,1434.25,224.75,0.0,0.0767443540717978,0.61328125,1.0,0.3607968091964721,stage4a_discovery,cleaned_stage4a_local
746a5e0848f6435a01,41001,scale_free,transition_dense,8,,feedback_hub,0.0679740160703659,113.5,3328.5,471.875,0.0,0.1255781279703626,0.81640625,1.0,0.3607968091964721,stage4a_discovery,cleaned_stage4a_local
746a5e0848f6435a01,41001,scale_free,transition_dense,8,,high_degree,0.0903442502021789,113.5,3318.5,472.875,0.0,0.1261531380662329,0.828125,1.0,0.3607968091964721,stage4a_discovery,cleaned_stage4a_local
746a5e0848f6435a01,41001,scale_free,transition_dense,8,,module_bridge,0.0903442502021789,113.5,3318.5,472.875,0.0,0.1261531380662329,0.828125,1.0,0.3607968091964721,stage4a_discovery,cleaned_stage4a_local
746a5e0848f6435a01,41001,scale_free,transition_dense,8,,random,0.10234461154323067,49.85546875,816.93359375,120.5625,0.0,0.05594230269300245,0.5411376953125,1.0,0.3607968091964721,stage4a_discovery,cleaned_stage4a_local
746a5e0848f6435a01,41001,scale_free,transition_dense,8,,spectral,0.076178178191185,112.75,3277.625,487.625,0.0,0.1275899049639177,0.79296875,1.0,0.3607968091964721,stage4a_discovery,cleaned_stage4a_local
75e6bd2d7521a14457,41002,scale_free,transition_mid,48,,cycle_proxy,0.5575946569442749,53.91666666666666,838.3333333333334,77.16666666666667,0.0,0.112722862593946,0.98828125,1.0,0.7720457911491394,stage4a_discovery,cleaned_stage4a_local
75e6bd2d7521a14457,41002,scale_free,transition_mid,48,,dynamics_aware,0.6780958771705627,51.22916666666666,787.8333333333334,70.29166666666667,0.0,0.105167855915897,0.984375,1.0,0.7720457911491394,stage4a_discovery,cleaned_stage4a_local
75e6bd2d7521a14457,41002,scale_free,transition_mid,48,,feedback_hub,0.6467554569244385,54.29166666666666,844.9375,76.52083333333333,0.0,0.1126639292728238,0.98828125,1.0,0.7720457911491394,stage4a_discovery,cleaned_stage4a_local
75e6bd2d7521a14457,41002,scale_free,transition_mid,48,,high_degree,0.6789200305938721,54.29166666666666,844.8125,76.58333333333333,0.0,0.1126377052918379,0.98828125,1.0,0.7720457911491394,stage4a_discovery,cleaned_stage4a_local
75e6bd2d7521a14457,41002,scale_free,transition_mid,48,,module_bridge,0.6789200305938721,54.29166666666666,844.8125,76.58333333333333,0.0,0.1126377052918379,0.98828125,1.0,0.7720457911491394,stage4a_discovery,cleaned_stage4a_local
75e6bd2d7521a14457,41002,scale_free,transition_mid,48,,random,0.16329309192951766,25.604166666666664,251.896484375,21.759114583333332,0.0,0.05280061381841443,0.88134765625,0.999755859375,0.7720457911491394,stage4a_discovery,cleaned_stage4a_local
75e6bd2d7521a14457,41002,scale_free,transition_mid,48,,spectral,0.513319730758667,54.208333333333336,842.9166666666666,76.85416666666667,0.0,0.1131683569789161,0.984375,1.0,0.7720457911491394,stage4a_discovery,cleaned_stage4a_local
7813730fd45db98ae8,41002,scale_free,transition_dense,32,,cycle_proxy,0.2929940819740295,104.65625,2851.15625,439.0,0.0,0.1189787479486623,0.98828125,1.0,0.4849445223808288,stage4a_discovery,cleaned_stage4a_local
7813730fd45db98ae8,41002,scale_free,transition_dense,32,,dynamics_aware,0.2048946470022201,56.0625,1036.65625,150.8125,0.0,0.0625246279929225,0.95703125,1.0,0.4849445223808288,stage4a_discovery,cleaned_stage4a_local
7813730fd45db98ae8,41002,scale_free,transition_dense,32,,feedback_hub,0.2929940819740295,104.65625,2851.15625,439.0,0.0,0.1189787479486623,0.98828125,1.0,0.4849445223808288,stage4a_discovery,cleaned_stage4a_local
7813730fd45db98ae8,41002,scale_free,transition_dense,32,,high_degree,0.2929940819740295,104.65625,2851.15625,439.0,0.0,0.1189787479486623,0.98828125,1.0,0.4849445223808288,stage4a_discovery,cleaned_stage4a_local
7813730fd45db98ae8,41002,scale_free,transition_dense,32,,module_bridge,0.2929940819740295,104.65625,2851.15625,439.0,0.0,0.1189787479486623,0.98828125,1.0,0.4849445223808288,stage4a_discovery,cleaned_stage4a_local
7813730fd45db98ae8,41002,scale_free,transition_dense,32,,random,0.1199777811998501,48.8974609375,793.9013671875,116.3896484375,0.0,0.054681970157249814,0.9246826171875,1.0,0.4849445223808288,stage4a_discovery,cleaned_stage4a_local
7813730fd45db98ae8,41002,scale_free,transition_dense,32,,spectral,0.2805011570453644,104.5625,2846.65625,438.9375,0.0,0.1190972041745683,0.98828125,1.0,0.4849445223808288,stage4a_discovery,cleaned_stage4a_local
7b26f7388e88f36a0d,41002,scale_free,transition_mid,24,,cycle_proxy,0.3041504025459289,67.45833333333333,1224.6666666666667,114.70833333333331,0.0,0.1438057324914864,0.9296875,1.0,0.4837127029895782,stage4a_discovery,cleaned_stage4a_local
7b26f7388e88f36a0d,41002,scale_free,transition_mid,24,,dynamics_aware,0.300853967666626,57.29166666666666,976.75,91.08333333333331,0.0,0.1228701612374584,0.890625,1.0,0.4837127029895782,stage4a_discovery,cleaned_stage4a_local
7b26f7388e88f36a0d,41002,scale_free,transition_mid,24,,feedback_hub,0.2114739120006561,68.125,1243.125,113.66666666666669,0.0,0.1425685662463137,0.9609375,1.0,0.4837127029895782,stage4a_discovery,cleaned_stage4a_local
7b26f7388e88f36a0d,41002,scale_free,transition_mid,24,,high_degree,0.1671281903982162,68.16666666666667,1242.2916666666667,113.83333333333331,0.0,0.1433718455895663,0.94921875,1.0,0.4837127029895782,stage4a_discovery,cleaned_stage4a_local
7b26f7388e88f36a0d,41002,scale_free,transition_mid,24,,module_bridge,0.1671281903982162,68.16666666666667,1242.2916666666667,113.83333333333331,0.0,0.1433718455895663,0.94921875,1.0,0.4837127029895782,stage4a_discovery,cleaned_stage4a_local
7b26f7388e88f36a0d,41002,scale_free,transition_mid,24,,random,0.03947879991028453,25.171875,244.98567708333331,21.026041666666664,0.0,0.051837139314139045,0.666015625,0.9989013671875,0.4837127029895782,stage4a_discovery,cleaned_stage4a_local
7b26f7388e88f36a0d,41002,scale_free,transition_mid,24,,spectral,0.345156729221344,67.20833333333333,1217.0833333333333,114.20833333333331,0.0,0.1440985697406682,0.92578125,1.0,0.4837127029895782,stage4a_discovery,cleaned_stage4a_local
874913df1e10fe2ed7,41001,scale_free,transition_dense,48,,cycle_proxy,0.6906148195266724,95.6875,2408.6875,373.2916666666667,0.0,0.1099671914386232,0.99609375,1.0,0.7883731126785278,stage4a_discovery,cleaned_stage4a_local
874913df1e10fe2ed7,41001,scale_free,transition_dense,48,,dynamics_aware,0.7316237688064575,87.70833333333333,2120.895833333333,328.4166666666667,0.0,0.1003066652597174,1.0,1.0,0.7883731126785278,stage4a_discovery,cleaned_stage4a_local
874913df1e10fe2ed7,41001,scale_free,transition_dense,48,,feedback_hub,0.656896710395813,95.83333333333331,2415.145833333333,370.9375,0.0,0.1094375828537683,1.0,1.0,0.7883731126785278,stage4a_discovery,cleaned_stage4a_local
874913df1e10fe2ed7,41001,scale_free,transition_dense,48,,high_degree,0.6228225231170654,95.83333333333331,2414.708333333333,372.1666666666667,0.0,0.1097602938327753,1.0,1.0,0.7883731126785278,stage4a_discovery,cleaned_stage4a_local
874913df1e10fe2ed7,41001,scale_free,transition_dense,48,,module_bridge,0.6228225231170654,95.83333333333331,2414.708333333333,372.1666666666667,0.0,0.1097602938327753,1.0,1.0,0.7883731126785278,stage4a_discovery,cleaned_stage4a_local
874913df1e10fe2ed7,41001,scale_free,transition_dense,48,,random,0.33774963114410633,48.736328125,783.0182291666666,113.1796875,0.0,0.054400014113613844,0.977294921875,1.0,0.7883731126785278,stage4a_discovery,cleaned_stage4a_local
874913df1e10fe2ed7,41001,scale_free,transition_dense,48,,spectral,0.6604500412940979,95.8125,2413.145833333333,373.0833333333333,0.0,0.1099927745243036,0.99609375,1.0,0.7883731126785278,stage4a_discovery,cleaned_stage4a_local
8edf0cb93bbfd20828,41001,scale_free,transition_mid,8,,cycle_proxy,0.0437939837574958,82.625,1799.5,168.125,0.0,0.1720241634692384,0.69921875,1.0,0.3369378447532654,stage4a_discovery,cleaned_stage4a_local
8edf0cb93bbfd20828,41001,scale_free,transition_mid,8,,dynamics_aware,0.1196355670690536,19.625,136.25,10.0,0.0,0.0372285367162534,0.30078125,0.96875,0.3369378447532654,stage4a_discovery,cleaned_stage4a_local
8edf0cb93bbfd20828,41001,scale_free,transition_mid,8,,feedback_hub,0.0208871103823184,83.875,1833.125,168.0,0.0,0.1724712832475078,0.73046875,1.0,0.3369378447532654,stage4a_discovery,cleaned_stage4a_local
8edf0cb93bbfd20828,41001,scale_free,transition_mid,8,,high_degree,0.0208871103823184,83.875,1833.125,168.0,0.0,0.1724712832475078,0.73046875,1.0,0.3369378447532654,stage4a_discovery,cleaned_stage4a_local
8edf0cb93bbfd20828,41001,scale_free,transition_mid,8,,module_bridge,0.0208871103823184,83.875,1833.125,168.0,0.0,0.1724712832475078,0.73046875,1.0,0.3369378447532654,stage4a_discovery,cleaned_stage4a_local
8edf0cb93bbfd20828,41001,scale_free,transition_mid,8,,random,0.04558786854613569,26.30859375,271.21484375,23.52734375,0.0,0.05386451115349486,0.352294921875,0.9844970703125,0.3369378447532654,stage4a_discovery,cleaned_stage4a_local
8edf0cb93bbfd20828,41001,scale_free,transition_mid,8,,spectral,0.0208871103823184,83.875,1833.125,168.0,0.0,0.1724712832475078,0.73046875,1.0,0.3369378447532654,stage4a_discovery,cleaned_stage4a_local
98a9d61b814c9f75c9,41002,scale_free,transition_mid,32,,cycle_proxy,0.3291462063789367,62.28125,1067.21875,99.09375,0.0,0.131700956285144,0.96484375,1.0,0.589618980884552,stage4a_discovery,cleaned_stage4a_local
98a9d61b814c9f75c9,41002,scale_free,transition_mid,32,,dynamics_aware,0.3153993487358093,54.625,916.0,82.1875,0.0,0.1120875635032779,0.953125,1.0,0.589618980884552,stage4a_discovery,cleaned_stage4a_local
98a9d61b814c9f75c9,41002,scale_free,transition_mid,32,,feedback_hub,0.3495905995368957,62.65625,1073.375,98.46875,0.0,0.131120273213731,0.97265625,1.0,0.589618980884552,stage4a_discovery,cleaned_stage4a_local
98a9d61b814c9f75c9,41002,scale_free,transition_mid,32,,high_degree,0.3495905995368957,62.65625,1073.375,98.46875,0.0,0.131120273213731,0.97265625,1.0,0.589618980884552,stage4a_discovery,cleaned_stage4a_local
98a9d61b814c9f75c9,41002,scale_free,transition_mid,32,,module_bridge,0.3495905995368957,62.65625,1073.375,98.46875,0.0,0.131120273213731,0.97265625,1.0,0.589618980884552,stage4a_discovery,cleaned_stage4a_local
98a9d61b814c9f75c9,41002,scale_free,transition_mid,32,,random,0.06728107837261628,25.0126953125,238.4912109375,20.6025390625,0.0,0.051587018917477724,0.7703857421875,0.999755859375,0.589618980884552,stage4a_discovery,cleaned_stage4a_local
98a9d61b814c9f75c9,41002,scale_free,transition_mid,32,,spectral,0.315976619720459,62.25,1066.53125,98.90625,0.0,0.1317297668734576,0.96484375,1.0,0.589618980884552,stage4a_discovery,cleaned_stage4a_local
98c3ba4c0d88597e17,41002,scale_free,sparse_drive,32,,cycle_proxy,0.3263306617736816,62.28125,1067.21875,99.09375,0.0,0.131700956285144,0.96484375,1.0,0.6036208868026733,stage4a_discovery,cleaned_stage4a_local
98c3ba4c0d88597e17,41002,scale_free,sparse_drive,32,,dynamics_aware,0.2155228406190872,57.3125,950.15625,86.34375,0.0,0.1192752449402788,0.9609375,1.0,0.6036208868026733,stage4a_discovery,cleaned_stage4a_local
98c3ba4c0d88597e17,41002,scale_free,sparse_drive,32,,feedback_hub,0.2340859025716781,62.65625,1073.375,98.46875,0.0,0.131120273213731,0.97265625,1.0,0.6036208868026733,stage4a_discovery,cleaned_stage4a_local
98c3ba4c0d88597e17,41002,scale_free,sparse_drive,32,,high_degree,0.2340859025716781,62.65625,1073.375,98.46875,0.0,0.131120273213731,0.97265625,1.0,0.6036208868026733,stage4a_discovery,cleaned_stage4a_local
98c3ba4c0d88597e17,41002,scale_free,sparse_drive,32,,module_bridge,0.2340859025716781,62.65625,1073.375,98.46875,0.0,0.131120273213731,0.97265625,1.0,0.6036208868026733,stage4a_discovery,cleaned_stage4a_local
98c3ba4c0d88597e17,41002,scale_free,sparse_drive,32,,random,0.04030488559510553,25.0126953125,238.4912109375,20.6025390625,0.0,0.051587018917477724,0.7703857421875,0.999755859375,0.6036208868026733,stage4a_discovery,cleaned_stage4a_local
98c3ba4c0d88597e17,41002,scale_free,sparse_drive,32,,spectral,0.4180540740489959,62.25,1066.53125,98.90625,0.0,0.1317297668734576,0.96484375,1.0,0.6036208868026733,stage4a_discovery,cleaned_stage4a_local
9d5d1b3b4702b1c927,41001,scale_free,transition_dense,16,,cycle_proxy,0.1049792617559433,108.0625,3023.8125,472.6875,0.0,0.1242606402566211,0.9375,1.0,0.3194617331027984,stage4a_discovery,cleaned_stage4a_local
9d5d1b3b4702b1c927,41001,scale_free,transition_dense,16,,dynamics_aware,0.0956149846315383,41.0,574.9375,85.9375,0.0,0.0466286680431993,0.66796875,1.0,0.3194617331027984,stage4a_discovery,cleaned_stage4a_local
9d5d1b3b4702b1c927,41001,scale_free,transition_dense,16,,feedback_hub,0.1248344182968139,109.625,3106.25,460.125,0.0,0.1235851308889387,0.94140625,1.0,0.3194617331027984,stage4a_discovery,cleaned_stage4a_local
9d5d1b3b4702b1c927,41001,scale_free,transition_dense,16,,high_degree,0.1397522389888763,109.6875,3103.6875,458.6875,0.0,0.1237897058281434,0.9375,1.0,0.3194617331027984,stage4a_discovery,cleaned_stage4a_local
9d5d1b3b4702b1c927,41001,scale_free,transition_dense,16,,module_bridge,0.1397522389888763,109.6875,3103.6875,458.6875,0.0,0.1237897058281434,0.9375,1.0,0.3194617331027984,stage4a_discovery,cleaned_stage4a_local
9d5d1b3b4702b1c927,41001,scale_free,transition_dense,16,,random,0.09708418085938317,48.701171875,784.849609375,115.36328125,0.0,0.054706833013199056,0.754638671875,1.0,0.3194617331027984,stage4a_discovery,cleaned_stage4a_local
9d5d1b3b4702b1c927,41001,scale_free,transition_dense,16,,spectral,0.1052757427096366,108.625,3046.875,467.75,0.0,0.1246377718239451,0.9296875,1.0,0.3194617331027984,stage4a_discovery,cleaned_stage4a_local
a8341986d0dafe755b,41002,scale_free,transition_mid,8,,cycle_proxy,0.0421111024916172,83.5,1783.875,161.5,0.0,0.1719483551328944,0.6875,1.0,0.3291804492473602,stage4a_discovery,cleaned_stage4a_local
a8341986d0dafe755b,41002,scale_free,transition_mid,8,,dynamics_aware,0.0829788073897361,16.375,79.25,6.0,0.0,0.0341527617346729,0.265625,0.94921875,0.3291804492473602,stage4a_discovery,cleaned_stage4a_local
a8341986d0dafe755b,41002,scale_free,transition_mid,8,,feedback_hub,0.0411778464913368,84.125,1796.375,158.875,0.0,0.1717305797712429,0.71875,1.0,0.3291804492473602,stage4a_discovery,cleaned_stage4a_local
a8341986d0dafe755b,41002,scale_free,transition_mid,8,,high_degree,0.0411778464913368,84.125,1796.375,158.875,0.0,0.1717305797712429,0.71875,1.0,0.3291804492473602,stage4a_discovery,cleaned_stage4a_local
a8341986d0dafe755b,41002,scale_free,transition_mid,8,,module_bridge,0.0411778464913368,84.125,1796.375,158.875,0.0,0.1717305797712429,0.71875,1.0,0.3291804492473602,stage4a_discovery,cleaned_stage4a_local
a8341986d0dafe755b,41002,scale_free,transition_mid,8,,random,0.06015793455298986,25.5625,253.70703125,22.109375,0.0,0.05276743501397331,0.34619140625,0.9796142578125,0.3291804492473602,stage4a_discovery,cleaned_stage4a_local
a8341986d0dafe755b,41002,scale_free,transition_mid,8,,spectral,0.0421111024916172,83.5,1783.875,161.5,0.0,0.1719483551328944,0.6875,1.0,0.3291804492473602,stage4a_discovery,cleaned_stage4a_local
abb64d9bbefd5d7324,41002,scale_free,sparse_drive,64,,cycle_proxy,0.334249883890152,47.84375,690.28125,63.5,0.0,0.1000128972868037,0.9921875,1.0,0.8001817464828491,stage4a_discovery,cleaned_stage4a_local
abb64d9bbefd5d7324,41002,scale_free,sparse_drive,64,,dynamics_aware,0.5572173595428467,44.546875,619.09375,56.515625,0.0,0.0926014287296122,0.98828125,1.0,0.8001817464828491,stage4a_discovery,cleaned_stage4a_local
abb64d9bbefd5d7324,41002,scale_free,sparse_drive,64,,feedback_hub,0.5920623540878296,48.296875,697.34375,62.328125,0.0,0.0994437627639998,0.9921875,1.0,0.8001817464828491,stage4a_discovery,cleaned_stage4a_local
abb64d9bbefd5d7324,41002,scale_free,sparse_drive,64,,high_degree,0.521685779094696,48.3125,697.328125,62.40625,0.0,0.0995456539564133,0.9921875,1.0,0.8001817464828491,stage4a_discovery,cleaned_stage4a_local
abb64d9bbefd5d7324,41002,scale_free,sparse_drive,64,,module_bridge,0.521685779094696,48.3125,697.328125,62.40625,0.0,0.0995456539564133,0.9921875,1.0,0.8001817464828491,stage4a_discovery,cleaned_stage4a_local
abb64d9bbefd5d7324,41002,scale_free,sparse_drive,64,,random,0.19510010397061703,25.3740234375,247.96044921875,21.4453125,0.0,0.05223543811469015,0.93798828125,1.0,0.8001817464828491,stage4a_discovery,cleaned_stage4a_local
abb64d9bbefd5d7324,41002,scale_free,sparse_drive,64,,spectral,0.5492473244667053,47.875,690.4375,63.140625,0.0,0.1004528648688429,0.98828125,1.0,0.8001817464828491,stage4a_discovery,cleaned_stage4a_local
b491ff5340c3e360c5,41001,scale_free,transition_mid,24,,cycle_proxy,0.2753596603870392,67.41666666666667,1243.625,121.5,0.0,0.1430107273397614,0.921875,1.0,0.5258292555809021,stage4a_discovery,cleaned_stage4a_local
b491ff5340c3e360c5,41001,scale_free,transition_mid,24,,dynamics_aware,0.341593474149704,65.45833333333333,1199.2916666666667,114.625,0.0,0.1375115242010094,0.921875,1.0,0.5258292555809021,stage4a_discovery,cleaned_stage4a_local
b491ff5340c3e360c5,41001,scale_free,transition_mid,24,,feedback_hub,0.3988322615623474,67.79166666666667,1253.125,120.45833333333331,0.0,0.1429421940870655,0.92578125,1.0,0.5258292555809021,stage4a_discovery,cleaned_stage4a_local
b491ff5340c3e360c5,41001,scale_free,transition_mid,24,,high_degree,0.3988322615623474,67.79166666666667,1253.125,120.45833333333331,0.0,0.1429421940870655,0.92578125,1.0,0.5258292555809021,stage4a_discovery,cleaned_stage4a_local
b491ff5340c3e360c5,41001,scale_free,transition_mid,24,,module_bridge,0.3988322615623474,67.79166666666667,1253.125,120.45833333333331,0.0,0.1429421940870655,0.92578125,1.0,0.5258292555809021,stage4a_discovery,cleaned_stage4a_local
b491ff5340c3e360c5,41001,scale_free,transition_mid,24,,random,0.03206452640006314,25.036458333333332,240.84765625,21.233072916666668,0.0,0.05124748715243606,0.6695556640625,0.9991455078125,0.5258292555809021,stage4a_discovery,cleaned_stage4a_local
b491ff5340c3e360c5,41001,scale_free,transition_mid,24,,spectral,0.3737102448940277,67.70833333333333,1249.5833333333333,120.75,0.0,0.1433445262399008,0.921875,1.0,0.5258292555809021,stage4a_discovery,cleaned_stage4a_local
bd206bf40f28a0db2c,41001,scale_free,transition_mid,32,,cycle_proxy,0.2913543581962585,61.71875,1066.5,103.0625,0.0,0.1303464495104372,0.953125,1.0,0.6063300371170044,stage4a_discovery,cleaned_stage4a_local
bd206bf40f28a0db2c,41001,scale_free,transition_mid,32,,dynamics_aware,0.408217191696167,56.0,942.8125,88.875,0.0,0.1173128745344621,0.9375,1.0,0.6063300371170044,stage4a_discovery,cleaned_stage4a_local
bd206bf40f28a0db2c,41001,scale_free,transition_mid,32,,feedback_hub,0.2928310632705688,62.1875,1075.3125,102.71875,0.0,0.1301710958954575,0.95703125,1.0,0.6063300371170044,stage4a_discovery,cleaned_stage4a_local
bd206bf40f28a0db2c,41001,scale_free,transition_mid,32,,high_degree,0.2928310632705688,62.1875,1075.3125,102.71875,0.0,0.1301710958954575,0.95703125,1.0,0.6063300371170044,stage4a_discovery,cleaned_stage4a_local
bd206bf40f28a0db2c,41001,scale_free,transition_mid,32,,module_bridge,0.2928310632705688,62.1875,1075.3125,102.71875,0.0,0.1301710958954575,0.95703125,1.0,0.6063300371170044,stage4a_discovery,cleaned_stage4a_local
bd206bf40f28a0db2c,41001,scale_free,transition_mid,32,,random,0.06252455984940748,26.3310546875,269.1103515625,23.890625,0.0,0.05401174008415401,0.7835693359375,0.999755859375,0.6063300371170044,stage4a_discovery,cleaned_stage4a_local
bd206bf40f28a0db2c,41001,scale_free,transition_mid,32,,spectral,0.4163785576820373,61.84375,1068.9375,102.78125,0.0,0.1308121188301687,0.94921875,1.0,0.6063300371170044,stage4a_discovery,cleaned_stage4a_local
c00d1fed173df6163f,41001,scale_free,sparse_drive,16,,cycle_proxy,0.1462617218494415,75.4375,1512.4375,146.5625,0.0,0.1591772323056712,0.84765625,1.0,0.2831237018108368,stage4a_discovery,cleaned_stage4a_local
c00d1fed173df6163f,41001,scale_free,sparse_drive,16,,dynamics_aware,0.1041452810168266,65.875,1276.0,117.375,0.0,0.1359064803086704,0.83984375,1.0,0.2831237018108368,stage4a_discovery,cleaned_stage4a_local
c00d1fed173df6163f,41001,scale_free,sparse_drive,16,,feedback_hub,0.2335515469312667,75.9375,1523.6875,146.3125,0.0,0.1593891934543462,0.85546875,1.0,0.2831237018108368,stage4a_discovery,cleaned_stage4a_local
c00d1fed173df6163f,41001,scale_free,sparse_drive,16,,high_degree,0.2335515469312667,75.9375,1523.6875,146.3125,0.0,0.1593891934543462,0.85546875,1.0,0.2831237018108368,stage4a_discovery,cleaned_stage4a_local
c00d1fed173df6163f,41001,scale_free,sparse_drive,16,,module_bridge,0.2335515469312667,75.9375,1523.6875,146.3125,0.0,0.1593891934543462,0.85546875,1.0,0.2831237018108368,stage4a_discovery,cleaned_stage4a_local
c00d1fed173df6163f,41001,scale_free,sparse_drive,16,,random,0.018928687350125938,25.439453125,252.3671875,22.30859375,0.0,0.05204303698540122,0.549560546875,0.9989013671875,0.2831237018108368,stage4a_discovery,cleaned_stage4a_local
c00d1fed173df6163f,41001,scale_free,sparse_drive,16,,spectral,0.2335515469312667,75.9375,1523.6875,146.3125,0.0,0.1593891934543462,0.85546875,1.0,0.2831237018108368,stage4a_discovery,cleaned_stage4a_local
c60142d0793e8a1e50,41002,scale_free,transition_dense,8,,cycle_proxy,0.0742304101586341,118.875,3647.5,545.75,0.0,0.1319387567462035,0.8046875,1.0,0.3662628829479217,stage4a_discovery,cleaned_stage4a_local
c60142d0793e8a1e50,41002,scale_free,transition_dense,8,,dynamics_aware,0.0927193164825439,64.0,1405.625,216.125,0.0,0.0717597372019514,0.64453125,1.0,0.3662628829479217,stage4a_discovery,cleaned_stage4a_local
c60142d0793e8a1e50,41002,scale_free,transition_dense,8,,feedback_hub,0.0416513308882713,119.375,3675.75,544.625,0.0,0.1324433193689431,0.80859375,1.0,0.3662628829479217,stage4a_discovery,cleaned_stage4a_local
c60142d0793e8a1e50,41002,scale_free,transition_dense,8,,high_degree,0.0416513308882713,119.375,3675.75,544.625,0.0,0.1324433193689431,0.80859375,1.0,0.3662628829479217,stage4a_discovery,cleaned_stage4a_local
c60142d0793e8a1e50,41002,scale_free,transition_dense,8,,module_bridge,0.0416513308882713,119.375,3675.75,544.625,0.0,0.1324433193689431,0.80859375,1.0,0.3662628829479217,stage4a_discovery,cleaned_stage4a_local
c60142d0793e8a1e50,41002,scale_free,transition_dense,8,,random,0.11149076768197114,48.9609375,816.5078125,120.02734375,0.0,0.05476100845235028,0.529541015625,0.999755859375,0.3662628829479217,stage4a_discovery,cleaned_stage4a_local
c60142d0793e8a1e50,41002,scale_free,transition_dense,8,,spectral,0.0416513308882713,119.375,3675.75,544.625,0.0,0.1324433193689431,0.80859375,1.0,0.3662628829479217,stage4a_discovery,cleaned_stage4a_local
cdeb464eaf709c384c,41002,scale_free,sparse_drive,16,,cycle_proxy,0.1911070942878723,74.375,1451.25,135.4375,0.0,0.1565776424567612,0.88671875,1.0,0.3081324100494385,stage4a_discovery,cleaned_stage4a_local
cdeb464eaf709c384c,41002,scale_free,sparse_drive,16,,dynamics_aware,0.1566228866577148,71.8125,1384.4375,124.5625,0.0,0.1480254147334175,0.8828125,1.0,0.3081324100494385,stage4a_discovery,cleaned_stage4a_local
cdeb464eaf709c384c,41002,scale_free,sparse_drive,16,,feedback_hub,0.1861825138330459,74.8125,1465.5625,134.5,0.0,0.1562138205696446,0.89453125,1.0,0.3081324100494385,stage4a_discovery,cleaned_stage4a_local
cdeb464eaf709c384c,41002,scale_free,sparse_drive,16,,high_degree,0.1861825138330459,74.8125,1465.5625,134.5,0.0,0.1562138205696446,0.89453125,1.0,0.3081324100494385,stage4a_discovery,cleaned_stage4a_local
cdeb464eaf709c384c,41002,scale_free,sparse_drive,16,,module_bridge,0.1861825138330459,74.8125,1465.5625,134.5,0.0,0.1562138205696446,0.89453125,1.0,0.3081324100494385,stage4a_discovery,cleaned_stage4a_local
cdeb464eaf709c384c,41002,scale_free,sparse_drive,16,,random,0.019990919390693255,26.025390625,257.146484375,22.66796875,0.0,0.05388882047757505,0.5419921875,0.99609375,0.3081324100494385,stage4a_discovery,cleaned_stage4a_local
cdeb464eaf709c384c,41002,scale_free,sparse_drive,16,,spectral,0.1485805660486221,74.0,1439.5,134.3125,0.0,0.1570464144753114,0.859375,1.0,0.3081324100494385,stage4a_discovery,cleaned_stage4a_local
d4d56a411cf19e1545,41002,scale_free,transition_dense,24,,cycle_proxy,0.3838289976119995,108.0,3031.083333333333,470.25,0.0,0.1231176164696333,0.96875,1.0,0.5066754221916199,stage4a_discovery,cleaned_stage4a_local
d4d56a411cf19e1545,41002,scale_free,transition_dense,24,,dynamics_aware,0.4365763664245605,103.29166666666669,2866.833333333333,435.0833333333333,0.0,0.1167116894537899,0.96875,1.0,0.5066754221916199,stage4a_discovery,cleaned_stage4a_local
d4d56a411cf19e1545,41002,scale_free,transition_dense,24,,feedback_hub,0.3659358024597168,108.625,3062.083333333333,465.625,0.0,0.1226064522679301,0.96484375,1.0,0.5066754221916199,stage4a_discovery,cleaned_stage4a_local
d4d56a411cf19e1545,41002,scale_free,transition_dense,24,,high_degree,0.3659358024597168,108.625,3062.083333333333,465.625,0.0,0.1226064522679301,0.96484375,1.0,0.5066754221916199,stage4a_discovery,cleaned_stage4a_local
d4d56a411cf19e1545,41002,scale_free,transition_dense,24,,module_bridge,0.3659358024597168,108.625,3062.083333333333,465.625,0.0,0.1226064522679301,0.96484375,1.0,0.5066754221916199,stage4a_discovery,cleaned_stage4a_local
d4d56a411cf19e1545,41002,scale_free,transition_dense,24,,random,0.05509407480712976,48.763020833333336,805.0924479166666,117.69010416666667,0.0,0.054419348904031925,0.87158203125,1.0,0.5066754221916199,stage4a_discovery,cleaned_stage4a_local
d4d56a411cf19e1545,41002,scale_free,transition_dense,24,,spectral,0.3904332518577575,108.20833333333331,3040.2916666666665,469.7083333333333,0.0,0.1234450575900554,0.96484375,1.0,0.5066754221916199,stage4a_discovery,cleaned_stage4a_local
d9a68352fa2a8d7244,41001,scale_free,sparse_drive,64,,cycle_proxy,0.3873941004276275,47.9375,698.171875,64.90625,0.0,0.0999922226041408,0.99609375,1.0,0.8127341866493225,stage4a_discovery,cleaned_stage4a_local
d9a68352fa2a8d7244,41001,scale_free,sparse_drive,64,,dynamics_aware,0.5377249717712402,45.546875,647.71875,57.90625,0.0,0.0940128383779676,0.9921875,1.0,0.8127341866493225,stage4a_discovery,cleaned_stage4a_local
d9a68352fa2a8d7244,41001,scale_free,sparse_drive,64,,feedback_hub,0.5991588234901428,48.4375,705.53125,64.359375,0.0,0.0998570260759721,0.9921875,1.0,0.8127341866493225,stage4a_discovery,cleaned_stage4a_local
d9a68352fa2a8d7244,41001,scale_free,sparse_drive,64,,high_degree,0.5901771783828735,48.484375,705.375,64.0,0.0,0.0998832868277656,0.9921875,1.0,0.8127341866493225,stage4a_discovery,cleaned_stage4a_local
d9a68352fa2a8d7244,41001,scale_free,sparse_drive,64,,module_bridge,0.5901771783828735,48.484375,705.375,64.0,0.0,0.0998832868277656,0.9921875,1.0,0.8127341866493225,stage4a_discovery,cleaned_stage4a_local
d9a68352fa2a8d7244,41001,scale_free,sparse_drive,64,,random,0.21588906692340967,25.67626953125,256.80322265625,22.73876953125,0.0,0.05248457935890236,0.942138671875,1.0,0.8127341866493225,stage4a_discovery,cleaned_stage4a_local
d9a68352fa2a8d7244,41001,scale_free,sparse_drive,64,,spectral,0.6267623901367188,48.1875,701.28125,64.578125,0.0,0.1004659917346594,0.9921875,1.0,0.8127341866493225,stage4a_discovery,cleaned_stage4a_local
e4006549683160c3bf,41001,scale_free,sparse_drive,48,,cycle_proxy,0.3526809513568878,53.958333333333336,846.0625,79.3125,0.0,0.1124488660411597,0.98046875,1.0,0.7344136834144592,stage4a_discovery,cleaned_stage4a_local
e4006549683160c3bf,41001,scale_free,sparse_drive,48,,dynamics_aware,0.4894004762172699,53.0625,828.3125,75.79166666666667,0.0,0.1097447375225366,0.98046875,1.0,0.7344136834144592,stage4a_discovery,cleaned_stage4a_local
e4006549683160c3bf,41001,scale_free,sparse_drive,48,,feedback_hub,0.3610158562660217,54.35416666666666,852.9583333333334,79.0,0.0,0.1126990668215032,0.98046875,1.0,0.7344136834144592,stage4a_discovery,cleaned_stage4a_local
e4006549683160c3bf,41001,scale_free,sparse_drive,48,,high_degree,0.3692406713962555,54.35416666666666,852.7083333333334,78.85416666666667,0.0,0.11252515242369,0.98046875,1.0,0.7344136834144592,stage4a_discovery,cleaned_stage4a_local
e4006549683160c3bf,41001,scale_free,sparse_drive,48,,module_bridge,0.3692406713962555,54.35416666666666,852.7083333333334,78.85416666666667,0.0,0.11252515242369,0.98046875,1.0,0.7344136834144592,stage4a_discovery,cleaned_stage4a_local
e4006549683160c3bf,41001,scale_free,sparse_drive,48,,random,0.09870425227563825,24.990234375,241.11328124999997,21.494791666666664,0.0,0.05147502461296073,0.8780517578125,1.0,0.7344136834144592,stage4a_discovery,cleaned_stage4a_local
e4006549683160c3bf,41001,scale_free,sparse_drive,48,,spectral,0.3924789726734161,54.145833333333336,849.3125,79.20833333333333,0.0,0.1127971615039706,0.9765625,1.0,0.7344136834144592,stage4a_discovery,cleaned_stage4a_local
fa179f01471806fb31,41001,scale_free,transition_mid,16,,cycle_proxy,0.1238793134689331,75.4375,1512.4375,146.5625,0.0,0.1591772323056712,0.84765625,1.0,0.3045074343681335,stage4a_discovery,cleaned_stage4a_local
fa179f01471806fb31,41001,scale_free,transition_mid,16,,dynamics_aware,0.2020516097545623,61.5,1166.5625,109.875,0.0,0.1287596641788268,0.8046875,1.0,0.3045074343681335,stage4a_discovery,cleaned_stage4a_local
fa179f01471806fb31,41001,scale_free,transition_mid,16,,feedback_hub,0.1208615228533744,75.9375,1523.6875,146.3125,0.0,0.1593891934543462,0.85546875,1.0,0.3045074343681335,stage4a_discovery,cleaned_stage4a_local
fa179f01471806fb31,41001,scale_free,transition_mid,16,,high_degree,0.1208615228533744,75.9375,1523.6875,146.3125,0.0,0.1593891934543462,0.85546875,1.0,0.3045074343681335,stage4a_discovery,cleaned_stage4a_local
fa179f01471806fb31,41001,scale_free,transition_mid,16,,module_bridge,0.1208615228533744,75.9375,1523.6875,146.3125,0.0,0.1593891934543462,0.85546875,1.0,0.3045074343681335,stage4a_discovery,cleaned_stage4a_local
fa179f01471806fb31,41001,scale_free,transition_mid,16,,random,0.023846388270612754,25.439453125,252.3671875,22.30859375,0.0,0.05204303698540122,0.549560546875,0.9989013671875,0.3045074343681335,stage4a_discovery,cleaned_stage4a_local
fa179f01471806fb31,41001,scale_free,transition_mid,16,,spectral,0.1208615228533744,75.9375,1523.6875,146.3125,0.0,0.1593891934543462,0.85546875,1.0,0.3045074343681335,stage4a_discovery,cleaned_stage4a_local
fdd1b3b02c94ea9555,41001,scale_free,transition_mid,48,,cycle_proxy,0.4374305009841919,53.958333333333336,846.0625,79.3125,0.0,0.1124488660411597,0.98046875,1.0,0.7793489098548889,stage4a_discovery,cleaned_stage4a_local
fdd1b3b02c94ea9555,41001,scale_free,transition_mid,48,,dynamics_aware,0.689843475818634,52.375,820.1458333333334,76.58333333333333,0.0,0.1088313592735569,0.984375,1.0,0.7793489098548889,stage4a_discovery,cleaned_stage4a_local
fdd1b3b02c94ea9555,41001,scale_free,transition_mid,48,,feedback_hub,0.6339209079742432,54.35416666666666,852.9583333333334,79.0,0.0,0.1126990668215032,0.98046875,1.0,0.7793489098548889,stage4a_discovery,cleaned_stage4a_local
fdd1b3b02c94ea9555,41001,scale_free,transition_mid,48,,high_degree,0.6048732995986938,54.35416666666666,852.7083333333334,78.85416666666667,0.0,0.11252515242369,0.98046875,1.0,0.7793489098548889,stage4a_discovery,cleaned_stage4a_local
fdd1b3b02c94ea9555,41001,scale_free,transition_mid,48,,module_bridge,0.6048732995986938,54.35416666666666,852.7083333333334,78.85416666666667,0.0,0.11252515242369,0.98046875,1.0,0.7793489098548889,stage4a_discovery,cleaned_stage4a_local
fdd1b3b02c94ea9555,41001,scale_free,transition_mid,48,,random,0.15135726425796744,24.990234375,241.11328124999997,21.494791666666664,0.0,0.05147502461296073,0.8780517578125,1.0,0.7793489098548889,stage4a_discovery,cleaned_stage4a_local
fdd1b3b02c94ea9555,41001,scale_free,transition_mid,48,,spectral,0.6020683646202087,54.145833333333336,849.3125,79.20833333333333,0.0,0.1127971615039706,0.9765625,1.0,0.7793489098548889,stage4a_discovery,cleaned_stage4a_local
