subject,C,activity_selectivity_residual_delta_rho
619293,0.25,-0.0277942899514946
619293,1.0,-0.0279766615169385
619293,4.0,-0.029176346847697
619293,0.25,0.0730030594220263
619293,1.0,0.0808343040935795
619293,4.0,0.0813649304621275
619293,0.25,0.005042560974499
619293,1.0,0.0075189721474528
619293,4.0,0.0047867571592737
619293,0.25,-0.0350855047091152
619293,1.0,-0.0282143293210199
619293,4.0,-0.0229247696390097
619293,0.25,-0.011911966412384
619293,1.0,-0.0120667092919837
619293,4.0,-0.0080326004629376
619293,0.25,-0.0021939695897664
619293,1.0,6.576186740486767e-05
619293,4.0,0.0005349405876496
619293,0.25,-0.0262651121924226
619293,1.0,-0.0248928259128443
619293,4.0,-0.026048267944381
619293,0.25,0.003572647020075
619293,1.0,0.0034899678455133
619293,4.0,0.0052094514210507
619293,0.25,0.1030250979988032
619293,1.0,0.0960552192240856
619293,4.0,0.0921158895832236
619293,0.25,0.0418768246928235
619293,1.0,0.0450142127565847
619293,4.0,0.0464421502991821
619293,0.25,-0.0275162728048936
619293,1.0,-0.0299160726885809
619293,4.0,-0.0305642208544318
619293,0.25,-0.028386669039889
619293,1.0,-0.0283969243461917
619293,4.0,-0.0267803787411272
619296,0.25,0.0379036842207765
619296,1.0,0.0456243864057826
619296,4.0,0.0518230803201348
619296,0.25,0.019228140393757
619296,1.0,0.0102070773840076
619296,4.0,0.0028042679961579
619296,0.25,-0.0070849309488762
619296,1.0,-0.0085667686214983
619296,4.0,-0.0086943397321868
619296,0.25,0.0677648913323826
619296,1.0,0.0744318138972331
619296,4.0,0.0801853557104766
619296,0.25,0.0073924623730426
619296,1.0,0.0029692601249788
619296,4.0,0.0006337449287648
619296,0.25,0.0687103916529262
619296,1.0,0.0747743848337122
619296,4.0,0.0768878127809576
619296,0.25,-0.0063857838399059
619296,1.0,-0.0065751843940973
619296,4.0,-0.0048910758291667
619296,0.25,-0.0489010940100944
619296,1.0,-0.052007790568844
619296,4.0,-0.0515419292481588
619296,0.25,0.052219813742787
619296,1.0,0.0610837942004815
619296,4.0,0.0637331341787763
619296,0.25,0.0277146222103886
619296,1.0,0.0266691345531473
619296,4.0,0.0281966141610493
619296,0.25,-0.0047209381006084
619296,1.0,-0.0102833783862247
619296,4.0,-0.0140823041010856
619296,0.25,0.0473550739818848
619296,1.0,0.0389181448802909
619296,4.0,0.0338075614284629
620333,0.25,-0.0259641015420035
620333,1.0,-0.0237557067744423
620333,4.0,-0.0211770392374486
620333,0.25,0.0194820460487247
620333,1.0,0.0175528133135887
620333,4.0,0.0156172882659983
620333,0.25,0.0567459845309888
620333,1.0,0.0615888256904334
620333,4.0,0.0655471770568608
620333,0.25,0.0205329352534923
620333,1.0,0.0235520038081999
620333,4.0,0.02605784117551
620333,0.25,0.0213106017845923
620333,1.0,0.0266349326403692
620333,4.0,0.0304576889331928
620333,0.25,0.0957894668685529
620333,1.0,0.1008430700681731
620333,4.0,0.1008611315607885
620333,0.25,0.0593575254450405
620333,1.0,0.0560537571361152
620333,4.0,0.0533198873391273
620333,0.25,0.0256659043515929
620333,1.0,0.0232377289683655
620333,4.0,0.0238899752289793
620333,0.25,0.01845925337874
620333,1.0,0.0165530356481505
620333,4.0,0.0158266082490341
620333,0.25,0.017864276694667
620333,1.0,0.0195111951557421
620333,4.0,0.0214531707364094
620333,0.25,0.0219032597245559
620333,1.0,0.0193082711217959
620333,4.0,0.0182324074002852
620333,0.25,0.0137130300476054
620333,1.0,0.0186167252926813
620333,4.0,0.0208805216198013
620334,0.25,0.0712716079013439
620334,1.0,0.0646606535173288
620334,4.0,0.0617358304996612
620334,0.25,-0.0520862660464949
620334,1.0,-0.0535799980864241
620334,4.0,-0.0509366216693226
620334,0.25,0.0012884473230797
620334,1.0,-0.005934551959704
620334,4.0,-0.0121291603723928
620334,0.25,0.0163312829426699
620334,1.0,0.0177250581254901
620334,4.0,0.0168120189049299
620334,0.25,-0.0169215613203897
620334,1.0,-0.0136465926704929
620334,4.0,-0.0128837854374515
620334,0.25,0.0052618647782722
620334,1.0,0.0089183931784773
620334,4.0,0.0102295110470587
620334,0.25,-0.0390235480354028
620334,1.0,-0.040099934367601
620334,4.0,-0.0380216999734385
620334,0.25,-0.0218186351171493
620334,1.0,-0.0189041169294679
620334,4.0,-0.0183260784207554
620334,0.25,0.0257451500629937
620334,1.0,0.0282433843459889
620334,4.0,0.0304553317159121
620334,0.25,0.0370191047812665
620334,1.0,0.0378571373255454
620334,4.0,0.0386247535271873
620334,0.25,0.0245642493074529
620334,1.0,0.0232657781945787
620334,4.0,0.0221654096438725
620334,0.25,0.0538734950342273
620334,1.0,0.0535876765225183
620334,4.0,0.0528189362055455
625545,0.25,-0.0218150099111621
625545,1.0,-0.0204051001072243
625545,4.0,-0.0195204661314259
625545,0.25,-0.008299240746263
625545,1.0,-0.007323869847309
625545,4.0,-0.0066449073367012
625545,0.25,0.0593673548352948
625545,1.0,0.0644717258613225
625545,4.0,0.066569026257185
625545,0.25,0.0137877907773441
625545,1.0,0.0186593143217202
625545,4.0,0.0218980390863346
625545,0.25,-0.0148739367601644
625545,1.0,-0.020066575651647
625545,4.0,-0.0230524002523326
625545,0.25,-0.0163485357750931
625545,1.0,-0.0129473566201015
625545,4.0,-0.0103647014788438
625545,0.25,-0.0217649896474255
625545,1.0,-0.0237267133771463
625545,4.0,-0.0262303556352469
625545,0.25,0.0222922835767911
625545,1.0,0.0246266563537222
625545,4.0,0.0270150803141505
625545,0.25,0.01760035676984
625545,1.0,0.0217863427760115
625545,4.0,0.0253630099785589
625545,0.25,0.0412813919153117
625545,1.0,0.0431335435883227
625545,4.0,0.046143922452117
625545,0.25,0.0191781389085013
625545,1.0,0.020385205198019
625545,4.0,0.0219883857038122
625545,0.25,0.0431145099086777
625545,1.0,0.0481080331891497
625545,4.0,0.0501991053493206
625554,0.25,-0.0305978112384338
625554,1.0,-0.0308725419991559
625554,4.0,-0.0306092310143535
625554,0.25,0.0276213898379223
625554,1.0,0.0351110117004751
625554,4.0,0.0400285932467869
625554,0.25,0.0309109353396743
625554,1.0,0.0316004002220289
625554,4.0,0.0326895231896031
625554,0.25,-0.0310991808534742
625554,1.0,-0.0294213173594827
625554,4.0,-0.0279849128272543
625554,0.25,0.0153547363904361
625554,1.0,0.0191265915470757
625554,4.0,0.0205582941838581
625554,0.25,0.0072046192170113
625554,1.0,0.0050268687759457
625554,4.0,0.0053526673371128
625554,0.25,0.0111525042191595
625554,1.0,0.0103612112504143
625554,4.0,0.0095249157535568
625554,0.25,0.0303985418001963
625554,1.0,0.0286385085678888
625554,4.0,0.0260637619479006
625554,0.25,0.0324648724943785
625554,1.0,0.032431891134888
625554,4.0,0.0302902828454326
625554,0.25,-0.015216093033622
625554,1.0,-0.0105600558777764
625554,4.0,-0.0067527112474869
625554,0.25,0.028324386063201
625554,1.0,0.0318295883635202
625554,4.0,0.0344874444556933
625554,0.25,0.00733680808066
625554,1.0,0.008905541248446
625554,4.0,0.0102455849741024
625555,0.25,0.0519873365572858
625555,1.0,0.0502027457053086
625555,4.0,0.0480392288418179
625555,0.25,0.0365483920229205
625555,1.0,0.0364889712136618
625555,4.0,0.0380898108376804
625555,0.25,-0.0137299119267378
625555,1.0,-0.0136639807590259
625555,4.0,-0.0139293418367082
625555,0.25,0.0240701379271501
625555,1.0,0.0224912932639032
625555,4.0,0.0207831626932394
625555,0.25,-0.0091433401098303
625555,1.0,-0.0067541115384866
625555,4.0,-0.0054510777936773
625555,0.25,0.0575574914259141
625555,1.0,0.0568243250488
625555,4.0,0.0555261967626106
625555,0.25,-0.0051917680481887
625555,1.0,-0.005602259786032
625555,4.0,-0.0053701911508503
625555,0.25,0.0684822451370795
625555,1.0,0.067782101833961
625555,4.0,0.068013525701679
625555,0.25,0.066370699934902
625555,1.0,0.0630309046818445
625555,4.0,0.0611393125863503
625555,0.25,-0.0098224521648955
625555,1.0,-0.0090134903039545
625555,4.0,-0.0086304971985678
625555,0.25,-0.0147849843962916
625555,1.0,-0.0172418654468511
625555,4.0,-0.0188053640824564
625555,0.25,0.0435346041423303
625555,1.0,0.0451684405287581
625555,4.0,0.0464766879696487
630506,0.25,-0.0374764522017331
630506,1.0,-0.0408204315606186
630506,4.0,-0.0422635274994309
630506,0.25,-0.048504350816016
630506,1.0,-0.0521078596340915
630506,4.0,-0.0532545202136903
630506,0.25,-0.0021109165497472
630506,1.0,-0.0036036533620966
630506,4.0,-0.0052980888340205
630506,0.25,0.0213215757626842
630506,1.0,0.0229569399786472
630506,4.0,0.0224867741704271
630506,0.25,0.003755753663981
630506,1.0,0.0070085475408128
630506,4.0,0.0099498345633587
630506,0.25,-0.0549490067107422
630506,1.0,-0.0638541555138467
630506,4.0,-0.0687694237098406
630506,0.25,0.0319310760875656
630506,1.0,0.0347862753292659
630506,4.0,0.0343034762260374
630506,0.25,-0.03728842197354
630506,1.0,-0.0323175317986595
630506,4.0,-0.027372910624669
630506,0.25,-0.0491096162719526
630506,1.0,-0.0464012840237832
630506,4.0,-0.0425570298990449
630506,0.25,-0.0116698425550686
630506,1.0,-0.0105124772767523
630506,4.0,-0.0112697925551501
630506,0.25,0.0163031089174589
630506,1.0,0.0175401477316905
630506,4.0,0.0174445190564093
630506,0.25,0.0123920702540665
630506,1.0,0.0092890148082923
630506,4.0,0.0059332263953326
631510,0.25,0.0432725929806444
631510,1.0,0.0366507322725195
631510,4.0,0.0351014771895499
631510,0.25,0.0107235660975584
631510,1.0,0.0061567989121822
631510,4.0,0.0104968081242444
631510,0.25,0.025530963339629
631510,1.0,0.0250871096611059
631510,4.0,0.0231557435491992
631510,0.25,0.082001701841645
631510,1.0,0.0859486694615287
631510,4.0,0.0875854578128965
631510,0.25,0.0552969508560785
631510,1.0,0.0590766813402255
631510,4.0,0.0616861148766937
631510,0.25,0.0023272709515555
631510,1.0,0.0072809621610024
631510,4.0,0.0087090708708785
631510,0.25,0.0864982181736049
631510,1.0,0.0846165617846963
631510,4.0,0.081753024689533
631510,0.25,0.0618338935258979
631510,1.0,0.057899924520976
631510,4.0,0.0553709518820703
631510,0.25,0.0635308612647823
631510,1.0,0.0598819448690936
631510,4.0,0.0590205481828223
631510,0.25,0.0098034891690882
631510,1.0,0.0200750134054552
631510,4.0,0.0260551555651002
631510,0.25,-0.0097300579656951
631510,1.0,-0.0042009271176529
631510,4.0,-0.0035578904284331
631510,0.25,0.024057451926339
631510,1.0,0.0202184473809159
631510,4.0,0.0168153223241674
631570,0.25,-0.0326077995469059
631570,1.0,-0.033518981772809
631570,4.0,-0.0353548516979999
631570,0.25,0.0343184037774128
631570,1.0,0.0363864658250554
631570,4.0,0.0393393064123258
631570,0.25,0.0695972976435738
631570,1.0,0.0721144409509285
631570,4.0,0.0707825972047497
631570,0.25,0.0816098954132101
631570,1.0,0.0800294147309952
631570,4.0,0.0807796973257798
631570,0.25,0.0461614385912956
631570,1.0,0.0536553727879687
631570,4.0,0.0587978244335182
631570,0.25,0.0634125941065514
631570,1.0,0.0664179748717551
631570,4.0,0.0678787764254869
631570,0.25,0.0240019467314009
631570,1.0,0.0210786918753938
631570,4.0,0.0209551993813521
631570,0.25,0.0086490411818319
631570,1.0,0.0054431672919587
631570,4.0,0.0052510786525249
631570,0.25,0.0110497362376189
631570,1.0,0.0193068029158414
631570,4.0,0.0225111950901094
631570,0.25,-0.0424099777655224
631570,1.0,-0.0538155195176428
631570,4.0,-0.0589895001265045
631570,0.25,0.1057245083716441
631570,1.0,0.1085953443623493
631570,4.0,0.1081679058666607
631570,0.25,0.0558163240887384
631570,1.0,0.0545453764585057
631570,4.0,0.0557990049878203
633229,0.25,0.0162250605715171
633229,1.0,0.0121327282962671
633229,4.0,0.0094879403316723
633229,0.25,0.0610234718626802
633229,1.0,0.0555416674612067
633229,4.0,0.0522704847345998
633229,0.25,0.0327772215169234
633229,1.0,0.0243677076517497
633229,4.0,0.019393603454807
633229,0.25,0.0007140577552017
633229,1.0,-0.0002851856390254
633229,4.0,-0.0009487275518902
633229,0.25,0.0410828351086309
633229,1.0,0.0415174549112217
633229,4.0,0.0409401056837303
633229,0.25,-0.0236309035044434
633229,1.0,-0.030771995011906
633229,4.0,-0.0353992726198248
633229,0.25,0.0206609647611736
633229,1.0,0.0222255678584512
633229,4.0,0.0240070719233224
633229,0.25,-0.0222351200841084
633229,1.0,-0.0201217530766448
633229,4.0,-0.0184541143328306
633229,0.25,0.0677385203136466
633229,1.0,0.0670905294806207
633229,4.0,0.0676542403711219
633229,0.25,-0.0075274932389821
633229,1.0,-0.0060425972863906
633229,4.0,-0.0043830332838352
633229,0.25,0.0522448734558386
633229,1.0,0.0528483654427156
633229,4.0,0.0520377239855694
633229,0.25,0.05141803070492
633229,1.0,0.0529130870337018
633229,4.0,0.0527257862882024
637484,0.25,-0.0726331554098936
637484,1.0,-0.065457270310913
637484,4.0,-0.0617276787142371
637484,0.25,-0.0190890667982916
637484,1.0,-0.0233242006735396
637484,4.0,-0.02225993841889
637484,0.25,-0.0240342376975018
637484,1.0,-0.0224376083466891
637484,4.0,-0.0216431684829031
637484,0.25,0.046588033635992
637484,1.0,0.0444617054630318
637484,4.0,0.0428990874757581
637484,0.25,0.0003218106206983
637484,1.0,-0.002794595491194
637484,4.0,-0.0060825798105804
637484,0.25,-0.0257052133739615
637484,1.0,-0.0198092614723585
637484,4.0,-0.0152512567083911
637484,0.25,-0.0377091247652188
637484,1.0,-0.0433036329900222
637484,4.0,-0.0473111072461658
637484,0.25,-0.0179649743393604
637484,1.0,-0.0197759597473509
637484,4.0,-0.0217289046759579
637484,0.25,0.0179611904712587
637484,1.0,0.0221328133229735
637484,4.0,0.0240623559040171
637484,0.25,-0.0239766349753344
637484,1.0,-0.0304195787230301
637484,4.0,-0.0343366994033922
637484,0.25,0.0402665759585293
637484,1.0,0.0417700256211241
637484,4.0,0.0387818104735888
637484,0.25,0.0706184971249799
637484,1.0,0.0691950721196023
637484,4.0,0.0669592469366778
