cortical_layer,C_primary_shared
2/3,1.0890859518798333
2/3,0.8061453852712431
2/3,1.42327652575814
2/3,1.095176728355268
4,1.0952603876603302
2/3,0.95154620173807
2/3,1.424864478756144
2/3,1.2787564649048495
2/3,1.1245477354674136
2/3,1.4796157645070698
2/3,1.4901809365090282
2/3,1.5052290210855483
2/3,1.0506070993007426
5,1.2513834697905604
5,1.6864729125420457
5,1.055786846100942
2/3,1.2523687012688232
2/3,1.3160381603370408
4,1.240179563436492
2/3,1.3297778497366997
5,1.337375830480302
5,1.3187589364546797
2/3,1.302330414139266
2/3,1.485135443565936
2/3,1.3779260040643535
2/3,1.115365215471216
2/3,1.0747432317485135
5,1.354723803232378
4,1.2452805714066713
4,1.0577409946282352
5,1.4451381789095294
5,1.42183054501561
5,1.3124195321586345
5,1.6276526423023037
5,1.5163010114334188
4,1.4762541056809737
5,1.5271723491168294
4,1.3921589053931271
5,0.9645834455088952
4,0.8990625232159701
5,1.3457410656624649
5,1.2707800403666984
5,1.3513466816237727
5,1.480734059947065
5,0.8329660541823597
5,1.2235396238919585
5,1.4858337936942865
5,1.0227672263641303
5,1.1656156625317655
4,1.432204570359379
5,1.5481991757245042
5,1.4512653954407926
6a,1.3622956057134146
5,1.0843903389587706
MISSING,1.6120360079433271
MISSING,1.4443984177805274
5,1.1189803373129277
5,1.2242542329351664
5,1.2585231653360884
5,1.0659615285835156
5,1.5595868580284444
5,1.2971011195696351
5,1.4073868910839742
5,1.0310061024992028
5,1.1755722869620364
5,1.3472790909888783
5,0.8095220888956018
5,0.8559256220038501
5,0.6244324544405323
5,1.4276168585814213
6a,1.4015834252831898
6a,1.3086057094356658
5,1.3818951906951122
6a,1.3196209495756297
5,1.290839497668705
6a,1.3129774582674334
6a,1.5750402481683303
6a,1.471356636384722
6a,1.303824331659153
4,0.686205821606233
4,1.3529123584874096
4,1.3184332146823616
5,1.5939527146456325
5,1.3567042058271088
5,1.4137136605558116
MISSING,1.3623143726019613
MISSING,1.485766567028966
MISSING,1.3277626281681507
MISSING,1.4406456300164077
5,1.3087947328079097
5,1.3540937263664576
5,1.3855371105720709
6a,1.5878021679821883
5,1.3854378416599675
5,1.3031785158250038
5,1.222816400889659
4,1.7393849670364523
5,1.361882760484629
5,1.4961169382335464
5,0.934412292297828
6a,1.187549820644061
6a,1.3016445674765151
6a,1.2493245300643678
6a,1.3850042201918609
6a,1.2726976435121486
4,1.4853239172675758
5,1.5239768536229508
5,0.7098051271714466
5,1.4991423745015549
2/3,0.9491167673872838
2/3,1.3485310913122897
4,0.8362835274589203
MISSING,1.2561795707897898
MISSING,1.0716967536310495
MISSING,0.7562457278298276
5,1.311782841657489
6a,1.358280679016108
6a,1.3657820692358449
6a,1.3595012977824912
5,1.3535894110441362
4,0.4698522862372711
4,0.8994310367425935
5,1.45894407144731
6a,0.9363993706204348
6a,0.8852058740026654
5,1.4750530062771812
5,0.7038678521244297
6a,0.7376523282521237
5,1.349797765646021
6a,1.3161791044303095
6a,1.367195258077358
6a,1.229617645996118
5,0.939651252314643
5,0.8032950071369289
5,1.4137465138871872
5,1.4019766970249543
5,1.44053635364522
5,1.48177092719876
5,1.5364382982123084
5,1.3203840964690496
5,1.2909035242242122
5,1.3434936569198122
5,1.3156476610472552
5,1.365502729900082
5,1.331971022658108
5,1.5719315391889035
6a,0.9986412690447554
6a,1.3204497260107495
6a,0.922589735719196
6a,0.890470499587932
6a,1.2995769918236633
6a,1.1112212867244058
5,1.1354088822176538
5,1.24349533454105
5,1.203264746324932
6a,1.4009335604080804
6a,1.452452536433651
6a,1.397318150676709
6a,1.1779983711964508
5,1.0024615075194578
5,1.297192900762809
5,1.183480072673
5,1.3856773379136909
4,1.0355711786970532
5,1.4208262681366897
5,1.389403492100253
5,0.8304254125258592
5,1.572138545606222
4,1.390520282992407
5,1.343036120754692
5,1.341249678277336
5,0.8358029035847439
5,1.25384904987884
5,1.4967052223191175
5,1.135280291439245
6a,1.116198075471656
5,0.8159485202392506
MISSING,0.6857842704386478
MISSING,0.6061614197383202
MISSING,1.028813431118601
MISSING,1.2916339481427843
2/3,1.29580382739194
4,0.8820038639423111
2/3,0.9490600758594788
6a,1.1960659687490676
6a,1.307571309346727
6a,1.3641230500043606
6a,1.5520782738203087
5,1.308094207657276
5,1.4925664616585392
5,1.2874290887372886
5,1.5381943272454928
5,1.7459109503252987
5,1.2775759667177935
6a,1.4079512235832246
6a,1.281472966075615
6a,1.1309197379505027
6a,1.1846104028974742
6a,1.258836444429373
6a,1.3633269169377782
6a,1.2707126687896066
5,0.9931264028038568
4,0.9460520809213616
5,1.368233349151216
5,1.4625805652622867
5,1.0284170730066893
6a,0.91306315261603
5,1.1508464781254264
5,1.283529796806221
5,0.4507268532252071
5,1.5913774899299005
5,1.472712985700009
6a,1.3676443735112438
5,1.2170835668206648
6a,1.1575503214552356
6a,1.1266850724867992
6a,1.18891418066723
6a,1.3290555880155754
6a,1.1391148028896414
4,1.4422912253521356
5,1.3970985552549304
5,1.4880599223646889
5,1.3163505816253387
5,1.3675844608322858
5,1.6534387209595534
4,1.4154633319741463
4,1.5219440289402908
5,1.5042967395861158
6a,1.0342956869623916
5,0.9231642951584982
5,1.4931234507850315
5,1.3605357614101212
5,1.4388295738817027
5,0.5915543240265864
5,1.4104490477724798
5,1.516837231941857
5,1.32102064310515
5,1.4630099299368162
5,1.2252718381580907
4,1.0442334085997311
5,0.9504249236024608
4,0.709985891826027
4,1.0811285816610845
6a,1.4814124271403766
6a,0.8560091638799463
5,1.4517402319869614
6a,1.7152532629260215
2/3,1.4899241354827706
2/3,1.368176015490559
5,0.8113352644757033
2/3,1.4340135892495829
2/3,0.7518736935486015
2/3,1.491856657778211
5,1.3196481793858563
5,1.345140137745108
MISSING,1.3905109111979252
MISSING,1.452108554243663
MISSING,1.3177451967998617
MISSING,1.4524628246575555
5,1.41803552064111
5,1.3608190194638647
5,1.5038767058503104
5,1.1233562018114427
5,1.1604363831893256
5,1.1544608995802976
5,1.4336610887113352
5,1.5461997926836912
MISSING,1.2608641741848687
5,1.4843853554857882
5,1.5373423595285212
5,1.0000502828702404
5,1.535605742868199
5,0.9482764694745344
5,0.6988061074152854
5,0.7290783446998328
6a,0.6796048862858808
5,0.5413543241605738
5,1.1268795201396486
5,1.2490421533444356
5,1.5977405195693537
6a,1.3510054000864298
5,1.3751737181993775
6a,1.2384823725767269
6a,1.1709450571305495
6a,1.3902464351858126
5,1.3281403011536324
5,1.217713947291687
5,1.315534269602453
5,1.223240205005857
5,1.1681774109628469
5,1.601553486799128
5,1.446659972015183
6a,1.8038837668794985
6a,1.5373409238824869
2/3,1.010897093792797
6a,1.271507965389982
6a,1.1841548819805845
5,0.6634026879937575
MISSING,1.1079277262403195
MISSING,1.5352963130310333
5,1.2539024985714655
6a,1.1329114701344205
6a,0.976481648566948
6a,1.4871235392659716
2/3,1.4143413984315778
2/3,1.2852853284817354
4,1.7220482744387184
2/3,1.4044530734776317
2/3,1.2378913852548707
4,1.3216906233506829
5,1.3180888604490553
5,1.1874890328254752
6a,1.1095613605764434
4,1.1648182881485205
4,1.0960750464443292
4,1.5506488560320952
4,1.2162917000047349
4,1.4561837747894326
5,1.342015479542776
2/3,1.378377722018086
MISSING,1.5148934482600327
6a,0.9385005072264768
6a,1.0766981480546676
6a,1.0962081731678772
6a,1.318662091983784
2/3,1.164332667853289
4,0.999562965541049
5,1.235863154960195
2/3,1.4208981213863965
4,1.3431000287093149
2/3,1.2634594986962155
2/3,1.4503768083640254
2/3,1.4296472857157505
6a,1.3943792217859867
5,1.2485432820103677
2/3,1.2153717617557294
2/3,0.9927210250478058
2/3,1.1189783991078526
2/3,1.4060934548484898
6a,0.682776604527762
5,1.2727325374358356
5,1.2369400233114705
2/3,1.3161370994438106
2/3,1.4630649159561262
5,0.8671744769244306
2/3,1.1121838683636631
2/3,1.0011363329910623
2/3,1.4489316904650915
4,0.9071936685412412
2/3,0.8079461612451557
2/3,1.4241102513115904
4,0.950424691761756
2/3,1.1031779052672983
5,0.8872677851460203
4,1.088040522376254
5,0.9798826346924416
4,1.0271624717278036
4,0.9372005126205484
2/3,1.5630330728519408
4,1.0160734257995916
2/3,1.076026909423689
5,0.9840545607254152
5,1.2303899008893513
5,1.222350770927806
6a,0.7243858058766209
5,0.7788228732187263
5,1.4151725146608236
5,0.8386526345102767
5,0.8730565982656607
2/3,1.4451016100616054
5,1.3842438170892506
5,1.3157799319756205
5,1.4171829069390496
5,1.4617536611377386
5,1.3966221133584726
5,1.6065509234696371
5,1.5742687528352646
5,1.3792774446868536
5,1.5526547085290383
6a,1.3173333513084833
6a,1.3211289182797112
6a,1.2338557887403216
6a,1.045770133996824
5,1.1543925252376404
5,1.3037432795683743
5,1.3073909046791758
5,1.3526620800574165
5,1.5826774006750597
6a,1.421740361267946
6a,1.3822112895279397
6a,1.3901906717905084
6a,0.9381724547042692
6a,1.2029917495691018
6a,0.7963853854125782
2/3,0.9921116951382593
5,1.4290807588111814
5,1.2073230917369182
5,0.9935964307424848
5,0.9467093556062156
5,1.6344772329631176
MISSING,1.5131837836974635
MISSING,1.2677455572656362
MISSING,1.0871024604300454
MISSING,1.3624107465411313
5,1.1342017109015383
5,1.395002822381134
6a,1.2871183507292578
5,1.3759982527591528
5,1.3045891621001815
5,1.2307322901851991
5,1.3733050814741072
5,1.491189975649164
6a,1.161640667404432
6a,1.446763867971602
5,1.450611850492518
6a,1.280504159523472
5,1.4343558325494796
6a,1.091250639916998
4,1.5450246207086504
6a,1.5550421912245884
6a,1.4014338749763795
6a,1.6007020639965166
2/3,1.6525504307623051
2/3,0.5961118021832936
4,0.8572941686617468
MISSING,0.578719137945837
5,1.1076862135939456
5,0.8838334067161838
5,1.513276094529992
5,1.5251491544172089
5,1.4359223054402683
MISSING,1.1996652087971662
MISSING,1.3775746247168592
2/3,0.7887546933051337
2/3,1.3748872530361247
MISSING,1.415712347874669
6a,1.114443992139268
4,1.3201889354876453
4,0.7303243042614832
6a,1.4237370789616164
2/3,1.2072646002677103
6a,1.0366214921065635
2/3,1.352368538247284
2/3,1.0005388550655654
6a,1.2761785868335964
6a,1.2082618180657925
6a,1.1964373969298707
6a,1.1190518934722455
6a,1.195299553473134
6a,1.4429356612346207
4,1.23615057640156
4,1.2381193373136348
5,0.9659810371868832
4,1.3098005286182692
4,1.279435396429418
4,1.258490724284228
4,1.3204174798640276
4,1.3312706884987584
4,1.3147554845173854
4,1.4714526710517235
4,1.5452768658801208
5,1.5444916571740022
6a,1.4402273257785374
5,1.4885233125878004
4,1.146317985122078
4,1.3426687187557504
4,1.1761286366410466
4,1.4088355198348532
5,1.4335923224067135
4,1.2846956826794536
6a,0.6567970714226318
5,1.3430717115322752
5,1.4015417229298666
5,1.4060513354930686
6a,1.3599226948669565
6a,1.3651838429405234
5,1.2509174011641768
5,1.361558717165148
4,1.4306490825830247
4,1.422045962430833
5,1.514150261570052
4,1.4982163457181878
4,1.3044846484045909
5,1.5315625390217742
5,1.2399996339420023
4,1.3823863986877782
5,0.8352489178852465
5,1.4706669627226308
4,1.17690010755744
4,1.2472852798474214
4,1.4454568617087438
4,1.2870332597413134
5,1.6062665248222356
5,1.3366625154867722
4,1.722337511969863
6a,1.0675453729102973
5,1.387434208629103
4,1.1736581531568242
4,1.1383387619673992
4,1.4552443478601178
4,1.2495069867196624
4,1.279907092608916
5,1.055020520690027
5,1.163678462532104
5,1.3493059709392523
5,1.3749799434302403
5,0.6204662542321371
MISSING,1.1771568922416993
MISSING,1.2819371709417935
MISSING,1.3865181164358755
MISSING,1.0278864705308792
5,1.1542164231840486
2/3,1.0926579121084767
5,0.5619706995110947
6a,0.9660526410273312
6a,0.8204816991856339
5,1.1007576395973886
6a,0.7054518400727994
6a,1.5065703945033548
4,1.3818855033085895
2/3,1.3784532838752952
5,1.4645228736201743
2/3,1.2312849654209703
2/3,1.38824534415102
5,1.3405387814146013
5,1.2867557785763026
6a,1.5149520238764014
2/3,1.4466339800038028
2/3,0.8843314519617844
2/3,1.3647397259723046
2/3,1.322755118586428
2/3,1.2361022395795958
2/3,0.9210997490708988
4,1.2248509929928402
5,1.2879239017661437
2/3,1.3919629881522864
6a,0.8199825126833256
6a,1.240783858720211
MISSING,1.2098728507042589
MISSING,1.618769706669115
6a,1.4271462724326265
6a,0.6739372312600562
6a,1.4049711725920253
6a,1.442851424363843
6a,0.9061256968600976
6a,1.2626067177667295
6a,1.3804444985824145
6a,1.3298537227816132
6a,1.2408932515629254
6a,0.7390081721148325
5,0.788213286921086
5,0.7337612807600036
5,0.8537670922006799
5,1.1425944963932126
4,1.3377269365740152
5,1.117117036866469
4,1.1589415940431234
5,1.2317705516128896
6a,1.45417169841668
6a,1.604999003873096
6a,1.7089906919314253
6a,1.333722913327913
6a,1.426762801395178
6a,1.3210826456431128
6a,1.5795196642897895
6a,1.3484734753015586
5,1.2508164279188076
5,1.437760549392228
6a,1.222333032003583
5,1.3557227830841474
6a,1.185890190146789
6a,1.13032284981512
MISSING,1.2681780028679783
MISSING,1.2266054809966125
MISSING,1.441849275278717
MISSING,1.38199507199239
MISSING,1.1601227615616
MISSING,0.447396449048812
2/3,0.8029258874518083
4,0.797805494928215
4,1.545377515635202
4,1.289130194163432
4,1.339921373654674
4,1.3617806570853863
4,1.4116496164936323
5,1.431542211683127
4,1.4271176522637343
4,1.4554273251411805
4,1.4368838909730717
4,1.2661889416436054
4,1.4678202146568662
4,1.4765776766681835
MISSING,1.3073765102671324
MISSING,0.8536247075717411
MISSING,1.314139738347976
MISSING,1.5694791907695866
MISSING,1.3592396144916947
MISSING,0.7657154192109974
4,0.4758753300975457
4,1.3385043073245466
4,1.405708383351195
5,0.4744937427387123
5,1.3978537999151834
MISSING,1.1817196673095556
MISSING,1.506652282353424
MISSING,0.9200956878103989
MISSING,1.3715382404798326
5,0.938755964833946
6a,0.3741518051758796
6a,1.5249892438066908
6a,1.3258677994049164
5,1.075654986320234
MISSING,1.3356770654096786
MISSING,0.8036685859850596
MISSING,1.2152165126207886
MISSING,1.5615151348999483
MISSING,1.353059523599923
MISSING,1.2278986160351937
MISSING,1.104989036643051
MISSING,0.913994469267744
MISSING,1.4031029190578916
MISSING,1.1647875018423206
MISSING,1.3840775439895574
4,1.3094659979374843
4,1.2192024280902216
MISSING,1.0667114412808278
MISSING,1.316033004373353
6a,1.2778727081350725
6a,1.2127427348111564
6a,1.1769480973186337
MISSING,0.9897803974059514
MISSING,1.428348109099987
MISSING,1.0264798549109746
MISSING,1.112973909573187
6a,1.237538767472087
6a,1.188907559365697
6a,0.9693748421583428
6a,1.0668859522923884
5,1.5423551491166472
MISSING,1.2817748072916588
MISSING,1.0118685144186756
MISSING,1.359363022834612
MISSING,0.9515930123490454
MISSING,0.8413236017369431
MISSING,1.2446821900723468
MISSING,1.1476331586386102
MISSING,1.2982189195947746
MISSING,1.080711876078009
MISSING,1.1380281397741807
MISSING,1.1738133523826466
MISSING,1.1217256217369895
6a,1.2586818834940416
MISSING,1.3141740187371416
MISSING,1.4369637153537942
MISSING,1.3104393947144548
6a,1.0227443184986205
5,1.2077410881305994
6a,0.8116944524562518
6a,0.970271833645103
6a,0.5306816771223868
6a,1.1945340285723884
MISSING,0.8813053460709546
MISSING,0.7581402844573458
6a,1.181941168364801
6a,0.9423032389661574
6a,1.212393280861317
6a,1.1393709535382857
6a,1.2811861725115792
6a,0.8174725355219639
6a,1.4114068525822572
6a,0.4821226496717018
6a,1.4681014074700407
6a,0.5575663385608515
5,1.3276742437864832
6a,0.8750934395545928
6a,0.5052792161395984
5,0.5734206724839945
6a,0.6085798441147238
6a,1.627222981957123
6a,0.8014500795865851
6a,1.3959293484227746
6a,1.2352135502737154
6a,1.3706557984930792
5,1.475380314297588
5,0.637295442144788
5,1.33857897752064
5,0.8032599141462893
6a,1.6012678624436103
6a,0.370176438528945
6a,1.1308535064537542
4,1.722672480454334
4,1.3838437650182234
5,1.4960147901642504
5,1.3422621744011456
5,1.4533713649168865
5,1.4733550328517564
6a,1.3200787262449312
6a,1.39552201639117
5,0.9188467216829026
6a,0.8284170893775538
6a,1.2036525728398533
6a,1.3627298223256803
6a,1.352782844210776
6a,1.4218963834222935
6a,1.4047091026264444
6a,1.4509901989278116
6a,1.5269491155805135
6a,1.3012170179745692
6a,1.3826014648888745
4,1.665760370506504
4,0.9297887505283462
5,0.8761547710473683
4,0.8179224613003768
5,1.6429937796720282
5,1.276227847340963
5,1.3381935423563496
5,1.7022511434583818
5,1.0424061209575872
5,1.4422507150494976
5,1.2769180512498537
6a,1.4971781587715456
6a,1.361429296183256
6a,1.5985131285549912
5,1.1706520646022287
5,1.149049862360508
5,1.19324888676925
5,1.0036259411079227
5,1.4792284867715324
5,1.5261439560750918
5,1.3593483548539678
5,1.3669953131654615
6a,1.5244990727755052
6a,0.607104972380007
6a,1.4429194663478642
5,1.3215273292831018
5,0.4576163890720388
5,0.7957097457023627
5,1.109573150290064
6a,1.3380270226570552
6a,1.4186072756626331
6a,1.1318393557089887
6a,1.5269392809437057
5,1.5502679021793246
4,1.3644809320576925
6a,1.1892422812234804
4,1.2847160887311844
4,1.3243980771157111
5,1.0530861108865652
5,1.2929090332529762
5,1.318032283411941
5,1.2493300501584752
5,1.1217678054774092
2/3,0.6836555577505403
2/3,1.5633146438092511
2/3,1.3234732759043413
2/3,1.236016857826309
6a,1.1689933835598338
6a,1.3354727674790012
6a,1.433410759842015
6a,1.4319216923265232
6a,1.161698765288257
MISSING,1.1854067199511926
MISSING,1.23824757211263
MISSING,1.3083277185697932
MISSING,1.1801226276723755
MISSING,0.8128781885701959
6a,1.2170516467525887
6a,1.4795323839751324
6a,1.241789188795752
MISSING,1.1073661465157032
MISSING,1.49350049690859
6a,1.3645113046750044
MISSING,0.9324852713650942
MISSING,1.254612494436877
MISSING,0.734291504887423
MISSING,1.2270510616488657
MISSING,1.189310812001438
MISSING,1.3633418609410508
MISSING,1.3752023020050466
MISSING,1.202429822010806
MISSING,1.3151787646963011
6a,1.346197854132623
6a,1.4524001071969976
6a,1.124303474806707
5,1.1671232592163772
5,1.130013041278127
5,1.5391979182761857
5,1.446609106881102
4,0.8083356243432263
6a,1.2571735584695487
6a,0.9916606382639434
6a,1.628746046193878
6a,1.4993255086338884
6a,1.306952559215537
5,1.2638186927778017
4,1.6081785781025544
2/3,1.4143398860600729
5,1.2722989808615548
5,1.2408906493866552
2/3,1.5469417715891267
2/3,0.8661565638142263
2/3,1.377934300634857
2/3,1.3927967192369737
2/3,1.4440461172603698
2/3,1.22310814984617
5,1.371158467121776
2/3,1.2196905160925064
2/3,1.2630394380876853
2/3,1.3061411848085338
2/3,1.0692833784335545
2/3,0.9948311229586548
2/3,1.4898895557579936
2/3,1.5979766613038575
2/3,1.3312465597779766
2/3,1.547547143018659
2/3,1.0912364077355228
2/3,1.3051011122228318
6a,1.1678052487489488
2/3,1.313991740615165
6a,1.2939603972791458
2/3,0.916741402403678
2/3,1.3696111483645992
2/3,1.3290362327647367
6a,1.50391928055529
6a,0.9545823365523932
6a,1.4452378821678191
6a,1.415289483677875
6a,1.4262415276285842
6a,1.412420668164179
6a,1.42178115635959
6a,1.3332155044991545
6a,1.2331702074023625
6a,1.5139950695665427
6a,1.544168636014399
6a,1.4742804990387322
6a,1.5168802443299725
2/3,0.8741378412293189
2/3,1.0849104431690284
6a,1.3518313512978286
6a,1.3591875830728934
2/3,1.4869698304915318
2/3,0.8922821348855323
2/3,0.8430404889130352
2/3,1.3512344551148658
2/3,1.4371476233739924
2/3,1.1568788669886478
6a,1.118884952408065
2/3,0.6836433909509042
4,1.508001633047512
MISSING,0.9240767075033652
MISSING,0.8366186613637134
MISSING,0.5737608617227387
2/3,1.383818223539926
2/3,1.1751062495660454
2/3,1.3570996108732334
MISSING,1.2335718367539397
MISSING,1.2580083745960426
5,1.229183778638615
5,1.3975705245095909
6a,1.4166768012610462
6a,1.3727500569213689
5,1.6381636177919128
5,1.754511511686501
5,1.4640373592574898
4,1.379094379358503
5,1.4107672257691584
4,1.462876067340475
4,1.4761843010439093
4,1.563981123518013
4,1.5114416499906584
4,1.5640439876069796
4,1.4157318501887095
5,1.53431142905677
5,1.146270580589266
5,1.396529083380167
5,1.70373190856144
5,1.5594060776753371
4,1.633353735207658
5,1.2009431665497374
5,1.644053867837138
5,0.812932461027583
2/3,1.1933138518745423
2/3,1.2545709639956308
4,1.143966765753405
2/3,1.4849162494675892
5,1.337588558660985
2/3,0.8257985541900567
2/3,1.469003007629221
2/3,1.0293871772484686
MISSING,1.2121919666877512
MISSING,1.3578390964553404
5,1.3615276864047097
6a,1.3342325713396517
6a,0.9346209236432016
6a,1.4598651043729711
6a,1.0105487183018818
4,1.34303621892348
6a,1.1738130182838604
6a,1.3381699439976849
MISSING,1.1401511632243968
6a,1.2872848240918973
6a,1.577662197068675
MISSING,1.2572033463399188
MISSING,1.474323328368112
MISSING,1.408011605556433
6a,1.2910515766056692
6a,1.323375664590534
6a,1.3166629061977182
6a,1.3819129593269148
4,1.488877468281989
4,1.3814974587515916
4,1.4698718127031751
4,1.5575824861572338
5,1.4920883254449584
5,1.4555300734510768
5,1.6430231379605078
4,1.4352197023695663
5,1.5263365152582666
5,1.4155781080289274
5,1.389942452686855
4,1.5306103698172222
5,1.4667254490567518
5,1.3368632177327282
MISSING,1.43650102877442
MISSING,1.394432849377182
MISSING,1.3933465096075397
MISSING,1.4322375848985274
4,1.4496292053649158
5,1.727706278585408
4,1.4212335453420315
4,1.3503857475776877
5,1.6755224300979086
5,1.627694998281804
MISSING,0.5979489116390571
4,1.3857780757955267
4,1.324479157214928
5,1.2838982340375351
5,1.395967028406804
4,1.294206611072008
4,1.3390973831977468
5,1.5973725716040588
5,1.5435474423350477
5,1.3492576235886269
5,1.3805327591349796
4,1.2308957863970025
2/3,1.166371380464172
2/3,1.4221576317600864
2/3,1.3279225581120129
5,1.3812564008300576
2/3,1.196302207870301
MISSING,1.2994859188873162
MISSING,1.2165095997907698
5,1.2599906092455913
5,1.3653936932463049
5,1.431675346190632
4,1.343250175697537
2/3,1.2662081530960407
5,1.1695108772288814
MISSING,1.384299332816145
MISSING,1.1777267029363103
5,1.3250075403362678
4,1.3297697679288856
5,1.4088198944371542
5,1.556087485449679
5,1.6161796105735866
MISSING,1.3170529120751286
5,1.534725055538031
2/3,1.0682072246237655
2/3,0.9314075088269236
2/3,1.567501797768962
2/3,1.407724657399755
5,1.6570726567115956
5,1.5827295038621578
4,1.4657316067602113
2/3,1.503646962550536
6a,1.085152712425529
5,0.7165421542252507
2/3,1.4499007175136671
5,1.3953615098729193
5,1.381282229348243
6a,1.1066142776901304
6a,1.2705209253005911
6a,1.0824548692289355
5,1.0063630269363582
2/3,1.4002847807101688
5,1.2539510658718669
6a,1.41708523708054
4,1.2555153299387238
2/3,1.3786234512837396
2/3,1.1309556471129667
2/3,1.5509304563427535
2/3,1.3664013782552709
6a,1.3556739438706942
6a,1.3731290121016655
2/3,1.3981584299060263
6a,0.8662717542181
2/3,1.2684675507236212
2/3,1.358035733142256
5,1.2116738433832954
4,1.3071002847919826
4,1.2842243714313666
2/3,1.3299323663346971
6a,0.6506481561722076
6a,0.7214647966482028
6a,1.277308646716235
2/3,1.657420554344993
6a,1.1513587862966372
6a,1.207712196369328
6a,1.2434977256630595
6a,0.6897608410650446
6a,1.7592213650717272
6a,1.3273286920230778
6a,1.0287346493254053
2/3,1.151302786913803
4,1.0938579221066038
5,0.993960111248814
6a,1.197361889064324
2/3,0.9675238106373034
2/3,1.4819756272176832
5,0.8290648607803568
6a,1.1997504977723672
2/3,1.258656682954305
5,1.0110432697226464
6a,0.4830013707426542
6a,1.1778148205492591
2/3,1.3200764129170386
5,1.0048571185169115
6a,1.062542057575127
MISSING,1.4796383307286254
MISSING,0.495370362670992
MISSING,0.8655199290818703
MISSING,1.3023803023787872
MISSING,1.295232509430472
6a,1.2700568424752725
6a,1.023664397479195
6a,1.186472070718309
2/3,0.9986893300300808
5,0.8927252250589257
5,0.9674744267906475
5,1.1344752999295276
6a,1.375378813240644
6a,1.3635356055935697
2/3,1.3291191803252032
6a,0.4881701578259275
6a,0.5986983702135359
6a,1.2115099916461376
6a,1.4068041839527714
6a,1.382866798082282
6a,1.1798590272692946
6a,1.1548375868236735
6a,1.3214328989028643
5,1.172972997860867
2/3,1.4085035226413989
4,1.007935299787047
6a,1.3323056411720324
2/3,1.247535775691585
2/3,1.0847995184336765
2/3,0.8496247323475159
2/3,1.3911121410886915
6a,1.387452109165625
6a,0.9332215505860322
5,1.4339346574284366
2/3,1.3668215062153704
MISSING,1.216419528286634
MISSING,0.7963565813006328
6a,1.537601970508577
6a,1.021267544717085
6a,0.915572382968801
6a,1.5328891471509043
6a,0.8089124568529423
6a,0.6769164089485606
6a,1.3170927257095908
6a,0.9809973679115676
6a,0.946397687693988
6a,1.0381571554209597
5,1.1457890846512382
4,1.292132909552202
4,1.3772329034154882
5,1.3176668487821594
4,1.457878231140425
4,1.372086743728872
6a,1.2140690470499051
6a,1.412953391399623
6a,1.115474292335665
5,0.798518393440643
4,1.4660905560057265
5,1.498448157067926
4,1.4393636849174103
2/3,1.4229707138625645
4,1.108011141956814
4,1.2180126685478303
4,0.7956559368454932
2/3,1.3876823566822494
2/3,0.956610588866582
5,1.4511671811360871
2/3,0.7947767350087777
2/3,0.845676044816659
5,1.2564042191966418
2/3,0.6887719772101589
5,1.2640386714941134
5,1.113282442425623
2/3,1.2811691195562631
4,1.5318792024221377
MISSING,1.4959949110252309
MISSING,0.7593531250305714
MISSING,1.0423242851748171
MISSING,0.880804712737599
5,0.8256114057065751
6a,0.902081578101253
6a,1.0856288248645898
MISSING,1.1034625320319988
MISSING,1.3622397849374186
4,0.8520770179264863
2/3,1.189735853546871
MISSING,1.0792825888206026
MISSING,1.3248841313242556
MISSING,1.0919493808173
2/3,1.1863931153575404
2/3,1.1695714344193766
2/3,1.0452225916139726
5,1.2721705994575212
5,0.7820782573729456
MISSING,1.0907112442207465
MISSING,1.4158902733915435
MISSING,0.7104177709119943
6a,1.2994674630618075
2/3,0.9951962139134888
4,1.4718013012786346
4,1.356113890595871
5,1.4676211409996085
5,1.3329109043103666
4,1.0538947936401897
6a,0.7241278997370676
2/3,1.0182905517497378
MISSING,1.4229445459655317
MISSING,1.2971058562310724
MISSING,1.26789338081312
4,1.2609827226826555
2/3,1.3018298382031643
2/3,1.1035812387351234
4,1.2470346875435243
4,1.2353916375999396
4,1.2784603647898756
4,1.321360055660416
2/3,1.1452611813453764
4,1.2122270256810173
4,1.359123278982974
4,1.4480464076829276
5,0.6667650260390133
4,1.4134795665670492
4,1.2349898265421335
4,1.196092608744692
5,1.3556958777338834
5,1.1940069584284707
MISSING,1.0913058729942176
MISSING,1.0097786343970865
MISSING,1.1311776773990008
2/3,1.157244498719264
5,0.8798823044228685
5,1.114505955045685
4,1.7045152784043778
4,1.4227846278968146
5,0.923010343069878
2/3,1.1638468946243044
2/3,1.265749519314232
5,1.3055633042651331
2/3,0.924886647195016
2/3,1.1654310595387587
5,1.2271080154519198
2/3,1.1204786616894549
4,1.3116106543597388
5,1.5456519875027532
5,1.3296052897170236
4,1.205390237281687
2/3,1.3094497812597694
6a,0.5568224861091872
5,1.1983319940509942
4,0.9673619117087612
2/3,1.539089116501187
6a,1.746451370874135
6a,1.0017508905668853
5,1.1269884452532584
6a,1.0075553847844236
6a,1.0594028418366912
6a,1.3275131802361937
5,1.1571787692731914
2/3,1.1913222755882789
2/3,1.343679533858467
4,0.9466884431542502
2/3,1.274903515167254
6a,0.757700731771103
5,0.853369052079018
6a,0.9732064393285154
6a,0.9730518886252444
5,1.1751307044063657
5,0.9291832213783022
4,1.2936535327341756
5,1.0238865699869029
4,1.380354870840676
5,1.3517807455617867
4,1.244725502156072
4,1.5012946025304563
2/3,1.228914607114206
6a,1.1454951207339663
2/3,1.177401296040852
4,1.3608217599538586
5,1.4693903366142504
5,1.4302509478648626
4,1.2105056175137463
4,1.2882011292790114
4,1.1864503002903548
4,0.918057371151876
4,1.30306140516788
5,1.120811621370116
4,1.141942656795641
2/3,1.2039198868599137
5,1.4433424588430983
5,1.2802585303476135
5,1.3315667563561808
5,1.375776793652748
5,1.080753566368419
5,1.4171317224050335
5,1.2424765507511444
5,1.3123715970095409
5,1.2932343313522208
2/3,0.9957819245580576
5,1.2837867135056735
2/3,1.4251083332867738
5,1.592728154599205
5,1.154977879862146
5,1.3797561339024502
5,1.3870131781956485
5,1.157106902919815
MISSING,1.4716395906156552
2/3,1.4503495842418914
5,1.3365883495294486
5,1.1706440446274584
5,1.4246849033893685
5,1.3345879182128826
5,1.1552776867848955
MISSING,1.2671999123954514
MISSING,1.1206595566530917
MISSING,1.439990392793479
6a,1.123322920758462
6a,1.2289913564951955
6a,1.110043539846411
MISSING,1.1426836826824305
MISSING,1.1536645458289956
MISSING,0.9287616888655864
6a,1.2129759748361466
6a,1.090040702800811
5,1.1114634366139071
6a,1.1832962092521129
MISSING,1.2284675390889634
6a,1.4436047376117174
6a,1.1777322375986023
2/3,1.2288119191090032
4,1.0527342549248138
6a,1.0259418942592171
5,1.2466985980049563
6a,1.162252135260919
2/3,1.3224870527976456
2/3,1.2851753762427778
6a,1.2401380301142362
2/3,1.1616032080469303
6a,1.1376903240177632
6a,1.1445764711977149
6a,1.2881896961984498
6a,1.203982663755618
2/3,0.975306686989874
MISSING,0.6968562942751514
MISSING,1.20982221670818
2/3,1.3597910631743209
4,1.2796533427449426
4,0.9883824852737372
4,0.976389594443015
4,1.1817868976873491
4,1.121985277884536
2/3,1.3158098035712489
4,1.309863456300345
MISSING,0.9405639532605468
2/3,1.1084466955988497
5,1.2511046470355036
5,1.343464694298344
4,1.488491962967593
2/3,1.3897569333820718
2/3,1.4214497660191712
2/3,1.302827090623291
2/3,1.1052929512550949
2/3,0.9502706581589004
2/3,1.3534379362045097
MISSING,1.298190460570939
MISSING,1.2724311029804103
MISSING,1.093320816469618
6a,0.981315939669242
2/3,1.157702137315896
2/3,1.2760428290608372
MISSING,1.034926245853825
5,1.3083481741791032
4,1.0181194542915837
4,1.208436990649718
6a,0.8572164360722175
5,0.966397245723858
5,1.0683496487851392
5,1.2870818386265792
6a,1.1922643454436042
2/3,0.951954975067728
5,0.9951466481863924
5,1.4895672868142258
5,1.365066010954236
2/3,1.3391846542497696
5,1.325909901483762
5,1.2631914164325997
4,1.1843059815760144
2/3,1.36066103248618
2/3,1.3937994265808689
5,1.3439759335360346
2/3,1.239448604115662
4,1.3488864993496827
5,0.9038228691281588
4,1.415195704843925
4,1.2966027701557337
2/3,1.5930302598505617
MISSING,1.4547634022771496
MISSING,1.267204397364688
5,1.0292659813196146
5,1.308225050077548
5,1.380960101878324
5,1.1423896032186955
5,1.0542474967810864
2/3,1.1602995261807576
4,1.1896463148495509
5,0.9364164310796512
6a,1.2473699864570618
6a,1.122969516299603
6a,1.2078679637079346
6a,1.2859790722791289
2/3,1.1956416433408883
2/3,1.0169539596035575
4,1.1356349788285005
4,1.3771168505733162
5,1.3363110711991983
4,1.313097529472355
4,1.3950101475938816
4,1.38066130302947
4,1.1995823134157604
4,0.7843722044514279
2/3,1.3457575148034011
4,1.2426725076695355
2/3,0.8931058210064609
4,1.2395119398652752
5,1.5216006688853343
MISSING,1.3222652432310271
2/3,1.0040780659049795
4,1.172592658305543
2/3,1.0216248030189392
2/3,1.4463463422643197
2/3,1.4835954358446757
2/3,1.3423490810068928
6a,0.8070562383868125
5,1.051759214268606
5,1.1742440863962589
5,1.1376746423051147
2/3,1.0515961656514177
2/3,1.2314008488237058
2/3,1.0408874311687306
5,1.1800499340691937
5,1.280495721609554
MISSING,1.2869739471480242
MISSING,1.2469039950421184
MISSING,1.0545083059698297
MISSING,1.125800445647411
MISSING,1.576742521043279
2/3,1.2093903093001983
5,0.8463270961941918
5,1.2658964724165491
6a,0.9803116931868712
6a,1.2290263706519666
5,1.2370990652968128
4,1.0622871742587263
4,0.7650360450161275
4,1.0522857603855398
4,0.9784681810399234
5,1.2775918913735282
5,1.139986275402757
5,1.407879446282866
5,1.4876923536456337
5,1.148204144799071
5,1.5087062541905285
MISSING,0.969670398825596
MISSING,1.0275623351472676
MISSING,1.308861477166694
MISSING,1.0979773597882578
MISSING,1.539993326757108
MISSING,0.8860656753556416
MISSING,1.194578360621546
5,0.7365309467251232
5,1.0090891463227931
5,1.301164393390352
6a,1.2196425159686408
5,0.8010869130555631
6a,1.0887293746401094
6a,0.9169412877856672
6a,1.1087472182525189
6a,0.9397707293615416
6a,1.139087472545783
6a,1.0424037221909497
2/3,1.1509792377518744
4,1.2849692546909404
2/3,0.9516180456688708
2/3,1.3930721111133344
5,0.8744662952009348
5,0.7982162431767958
5,1.1551072638984543
5,1.2861029289448829
5,0.8884995055980034
5,1.357951785828027
5,1.285107890390322
5,0.9143290009214946
MISSING,1.322583339702192
5,1.5582430537955745
5,1.1819332572565444
6a,1.1783868846802938
MISSING,1.3263510258129725
MISSING,1.229084123179231
5,1.3428437824251307
5,1.3808336525537102
5,1.358606522595386
5,1.4795438537328982
5,1.1448349610637305
5,0.8593394244850093
5,1.209226789728476
4,1.2251875792903082
5,1.2283388390006462
5,1.1970898300883916
2/3,1.0800419738088425
5,1.0855555021539485
4,1.2710741648967288
2/3,1.1374314867028852
4,1.2235978628470852
4,1.0958490380591237
MISSING,1.2698245193694373
6a,1.222689069992479
6a,0.8248971390609563
5,1.0091964222745415
2/3,1.2525170284470597
4,1.2722644510331695
4,1.2891015042405911
MISSING,1.346626518538577
4,1.3023423359066195
5,1.282029271671104
MISSING,1.3386882609450086
4,1.2545354581285146
4,1.256502486665842
MISSING,1.1997393078907028
4,1.1668527816640095
5,1.5253238666948286
2/3,1.2835175776122636
2/3,1.3230742872264298
2/3,1.3267376182188004
2/3,1.2986455817183375
6a,1.1284368062597787
6a,0.9554765847792605
6a,1.1957173350078505
6a,1.2441177714446046
6a,1.2455327283928272
2/3,1.054026347537395
2/3,0.9559468573532632
2/3,1.188579186086277
2/3,1.163963015150297
2/3,1.3217739237009856
6a,1.0990326349819106
6a,1.0632864732382987
4,0.9676165004650386
5,1.2488894051983777
2/3,1.419742127611361
5,1.2234316163344938
2/3,1.3596398013609314
2/3,1.3471874101269516
2/3,1.4010214001500336
2/3,1.2800100205591736
MISSING,1.3667536195998788
MISSING,0.8796025654678246
2/3,0.7577159059185009
2/3,1.0599257036727636
2/3,0.7226102150120997
4,1.286911761136366
4,1.3085801242887374
2/3,1.130689350055791
2/3,1.3997223216050414
2/3,1.362639347850989
MISSING,0.870927372022626
2/3,1.2305869555532882
2/3,1.392272087058991
2/3,1.3708962640574804
2/3,1.335323644595518
2/3,1.3837916443629728
2/3,1.5039372028517648
4,1.1195618403697971
5,1.2918019726288723
5,1.0339477381981288
5,1.440050509690067
2/3,0.9314233422110269
2/3,1.236508842533664
2/3,1.4391411871690545
2/3,1.1369832674385316
2/3,1.4713125031109702
4,1.4316089096118882
5,1.2212341873953036
5,1.4838485694900905
2/3,1.2500906535906715
2/3,0.5816369544092888
2/3,0.6572927407135443
2/3,0.8403175828050036
2/3,1.1928425977829162
2/3,1.261121363563392
2/3,1.3791715174590655
MISSING,1.2701189577091896
5,1.3077094864112164
5,0.902804256118558
2/3,0.9149238488321828
2/3,1.027251352391074
2/3,1.2435463710904815
6a,1.0400558631283383
6a,1.085832704859553
6a,0.8314781670550347
6a,1.2297930224570484
6a,0.944026522713503
5,1.279017531990491
2/3,1.2440985707169532
2/3,1.2138255544988843
2/3,1.1132051354332784
2/3,0.5947621053025276
6a,0.6378671389963352
6a,1.195811634048667
2/3,1.043202817824235
6a,1.228037262319382
6a,1.3905948137906738
2/3,1.399618845897139
5,1.2385294039417525
4,1.234857401436788
4,1.2569978987090962
5,1.5531304813512103
5,1.263118293273692
5,1.3934421467156368
2/3,1.0434311317326348
4,1.2715616120490438
4,1.2159935465839875
4,1.6489888783064095
2/3,1.3185469597343396
5,1.3257381806029005
4,1.0956988351220125
2/3,1.7273973712331447
MISSING,1.3963722216778138
MISSING,0.9916700392601516
5,1.3062252400202132
5,1.354549881464615
5,1.3159537707565905
5,1.2730843728842878
5,1.2235125601447827
5,1.2089268914475548
5,1.3192010111079877
5,1.3098439419157013
4,1.3267884059438946
5,1.210809151213296
5,1.470177213793889
5,1.3240631619845389
5,1.3875493280851048
4,1.265797036962437
2/3,1.1488272853438344
2/3,1.1951950214711724
2/3,0.9441663678878685
2/3,0.9952908062124852
5,0.3990486519213689
2/3,1.2323467061904552
5,1.3806352556835526
2/3,0.7030729367564164
5,0.9042401292897908
5,0.670319094595085
6a,0.6165349675445888
6a,1.022297111597693
5,0.9871443533103036
5,1.0482277918873584
5,1.329030053520507
5,1.2996933549100225
5,1.163411071270711
5,1.3814004680562058
5,0.589890898067199
5,1.3425382080810735
2/3,0.8758643814192792
2/3,0.9915973182807268
2/3,0.7305527611663439
2/3,0.6443831671535051
2/3,0.8719784896130239
MISSING,1.2665996555475862
5,1.0621121938633284
2/3,0.9935476001576988
6a,0.8044333013406888
4,1.2211426616123793
4,1.1809135981159329
4,1.2872890581454906
5,1.295755807113241
4,1.2062376562480406
6a,1.3125511725017036
5,1.0983312043625697
MISSING,0.8356485334123875
MISSING,0.7787993091375031
5,1.117158556388638
5,1.7208758293147302
5,1.6649610061894722
4,0.8840860405539106
2/3,1.533186576148065
2/3,1.3456899105901663
4,1.2850105398139982
4,1.0562373600130563
4,1.5545946911432862
4,0.9550912807222548
4,0.9416580947332972
4,0.9388128033170042
5,0.6972120533286973
5,1.2947530202306432
5,0.85834602962094
2/3,1.2261799146090229
6a,0.9842739560670286
6a,1.2297234331046951
6a,1.0748195770913396
6a,1.1535583457943104
5,1.356231226057235
5,1.3564598305138589
2/3,0.8785427425736512
MISSING,1.1680159785782132
MISSING,1.1163257402030724
5,1.30176474215207
5,1.4336039445930635
5,1.1467811228773486
6a,0.951791088205219
6a,1.3314172044537491
6a,1.1126670394997915
4,1.2899941368621408
5,0.9299166226445692
5,1.430934824511814
5,0.8766537944875943
4,1.3744767252562091
4,1.355828434480831
4,1.0189674613295572
5,0.6744791453093925
5,1.257556280843953
5,1.0242123697014276
5,0.7181546655521741
4,1.2357680913085138
5,0.4857372060506841
4,1.276713487927157
4,1.2442582875201464
2/3,1.4942030400741912
4,1.214825649606622
5,0.8588768501058837
4,1.185926176742333
2/3,1.1605230185032194
4,0.6457313618283693
2/3,1.3129819532810174
2/3,1.3007131622869974
4,1.1527209442526671
5,1.0723030390246633
4,1.1820116843305075
6a,1.2819227917521638
6a,1.2514028879701775
2/3,1.005809127303153
2/3,1.317002481031093
2/3,0.9866526188877148
2/3,1.2928063402138694
2/3,1.0767448022299544
4,1.277903008874687
4,1.3020686934564352
2/3,1.126764018214351
2/3,1.228835910856683
4,1.4811224641915357
4,1.1674298727991226
4,1.4723793431444154
4,1.1026453768937994
4,1.22484901539955
5,1.1155911621453842
5,1.087170833086504
6a,1.3985511068254224
6a,0.8592651976497563
6a,1.4094876898298108
6a,1.0886819603212756
6a,0.9691226087050856
5,1.2948388895756622
6a,0.8787097734052616
6a,1.2038081729132624
6a,1.1713168472843782
6a,0.8852053325120535
6a,0.8569236055674816
6a,0.4428524592272708
6a,0.7020342929962912
6a,0.7215455023671306
6a,1.0023000519899707
2/3,0.9158818029934742
4,1.1776254687777696
4,1.218169579115361
2/3,1.0951457881173656
4,0.8754862451616883
2/3,1.2061692484737343
6a,0.6757257230902612
6a,0.9017864109159676
2/3,1.7865121080375392
2/3,0.7702305157679157
2/3,1.2596641213193045
2/3,1.032232372108782
2/3,1.039457468064043
2/3,0.9263485786850628
4,1.1337870892894335
4,1.3373073758675385
5,1.3209209248529663
6a,0.9249450523073456
6a,0.8710730961547004
6a,1.1106187789926196
2/3,1.1744762604381196
2/3,1.0594686870205827
2/3,0.995838688442538
2/3,1.21291518217556
5,1.2018828958252503
5,1.0540826974237452
5,1.2592749460387982
4,0.9650772264102888
2/3,1.0725239939438709
2/3,1.2332803258927958
2/3,1.018638318294393
2/3,1.2069734436352877
2/3,1.307972351393608
MISSING,0.8849534082163955
2/3,0.7446004697489155
2/3,1.17185511407608
MISSING,0.78902589455885
2/3,1.1276894025322597
4,1.2190853384750426
5,1.174511922481508
5,1.0669520993319082
MISSING,1.255036625027167
MISSING,0.7422616925111261
2/3,1.126326427296214
MISSING,1.3287975904508167
2/3,0.678696475525889
MISSING,1.2434863710952104
5,1.3120496497120744
4,1.216408236769474
MISSING,0.9536918588330054
5,1.0168778726867629
5,0.6465494245083808
5,0.8809548751063007
5,1.3523016751818286
2/3,1.1661906286887214
5,0.9218600215351348
5,1.2236304462624046
4,0.738602464914903
4,1.1388153273461377
5,1.3609413821024652
4,1.1463201471716793
4,1.182485794624567
5,0.9479767862858474
5,1.2334545562271568
5,1.2697195873136111
MISSING,1.7088649241597318
MISSING,1.5566547964285729
MISSING,1.365116552511303
MISSING,1.4053504863524025
MISSING,1.5285247110229516
MISSING,1.4514456087386964
5,1.2574313977616545
5,1.2729372961113286
5,1.3921854475664968
MISSING,1.3244540168766372
5,1.0752474083235124
5,1.3190932566986446
5,1.1966713146435832
5,1.3479521817409923
5,1.276003243560994
2/3,1.2312683089944432
2/3,0.875891925664598
2/3,1.4189361997216443
2/3,1.2970911250400252
5,1.134420906389347
6a,1.008025426594687
6a,1.1194209555876546
5,0.671426601610096
5,1.3386431180227705
5,1.194420011574911
4,1.4757702611156576
4,0.9378954955361156
4,1.2784974865055023
2/3,1.2053241264367276
MISSING,1.226274331027046
MISSING,1.292904536893547
MISSING,1.2192795435556492
MISSING,1.22893903439766
5,1.2989763010177644
5,1.7355495741480187
5,1.1651901457712248
6a,0.7287895395221577
MISSING,0.8122675355030259
MISSING,1.0457332276425642
MISSING,1.3260297207378762
6a,1.2657934577283374
4,1.3065135029498158
6a,0.7520930215890107
6a,1.3412378375807956
6a,0.7938711172318395
6a,1.128387704556215
6a,0.7710519137624651
4,0.6781251341970794
4,0.6840577676225235
MISSING,1.1179545578382295
MISSING,1.1208199729733077
MISSING,0.8150928927153944
MISSING,0.9226417978386846
MISSING,0.9125185275911878
MISSING,1.5124667415844328
MISSING,1.3405866756750424
2/3,1.0375318479525255
5,0.7872827004523577
5,0.9879893915582324
2/3,0.806687240553678
6a,1.254184079607186
MISSING,1.1997910834629943
MISSING,1.1129846194794717
5,1.470818614616491
5,1.2865335962698483
5,1.237922461734167
5,1.4046609939332295
5,1.5605893684610517
4,1.3171784297143705
5,1.373687109060847
5,1.3643287052512012
5,1.2217678287917475
4,1.2436939070111528
5,1.3333212495344633
5,1.4484664616535978
5,1.2227403030313893
5,1.2784164081082985
5,1.238961369929511
2/3,1.3382681433616073
4,1.2314665787153256
4,1.4172639934167963
2/3,1.2341984572266844
5,1.2945339609705673
4,1.0041782046058834
2/3,1.1816897272366746
4,1.255589318998887
5,0.9623410470442054
6a,0.8801056572897528
6a,0.9037061044648586
4,1.3868498753556902
4,1.1915274589189386
6a,1.4761974488511571
6a,0.954536247025272
2/3,1.6022036763318812
5,1.0215188210003998
2/3,1.073607045405839
2/3,1.3367095777867763
4,1.3221448562869946
4,1.3472205312467938
4,1.286545428103584
4,1.2025914358230343
4,1.2987215906075795
6a,1.281964882447417
6a,1.2899457364150588
6a,1.253359369015914
6a,1.0537290537077275
6a,1.1990410917485557
4,1.1327693594717618
4,1.2663010856244352
5,1.1058163371209166
4,1.352855575226421
5,1.151798308269348
4,0.9934410367767486
5,1.2782659836342172
5,1.3220388199734294
5,1.4740650447779235
5,1.4448242236777529
5,1.538337485946507
5,1.5135159331543309
6a,1.3646345814615757
6a,1.274683293548936
6a,1.2645820129811791
6a,1.2445059562183136
6a,1.269696898095794
6a,1.141386752812015
6a,1.0864880169850974
MISSING,1.2795164626065851
MISSING,0.9573103610746988
MISSING,0.9417110304351294
MISSING,1.15542717778996
4,1.279875346710963
5,1.310350195813431
4,0.9075825173132313
4,1.3471727310582495
MISSING,0.9031743456207548
MISSING,0.9269553514861976
MISSING,0.905751537818814
5,1.610226138256036
5,1.315765306270222
6a,1.036815127095858
6a,1.1229229653860535
6a,1.5664071190219475
5,1.254977379992901
5,1.511156215123268
4,1.3199181304780596
4,1.271560000782843
4,1.341306137910966
5,1.2059870115884137
5,1.0499045233715454
5,0.791380801676423
5,1.0024923997615387
MISSING,1.5823555238015323
MISSING,1.3361243267581404
MISSING,1.3315124822606903
MISSING,1.4026479928794535
MISSING,1.2834133100358889
4,1.2517189410915868
4,1.1976027755196823
2/3,1.2628591518013876
5,0.7620630655759957
4,1.2306797834019807
2/3,1.2534919749814677
5,1.003972114732168
MISSING,1.206534530885557
MISSING,1.3410822265343405
6a,0.8425542173383798
5,1.328179525158183
5,1.1153480086298475
5,1.0016119261583911
5,1.6241188024262716
6a,0.7486416069808641
5,0.9445377388751632
5,0.75779931558235
2/3,1.1154859265416504
4,1.1559936193794853
4,1.3620592578189696
5,0.8291580369299456
4,1.095014124042338
4,0.8186698577854832
4,1.4339935220938935
5,1.2420819037115045
4,1.3597868361942194
4,1.366387175435289
4,0.7129886420933513
MISSING,1.2652954003756272
4,1.2675545487168045
4,1.355245973161021
5,0.7037599930608746
5,1.1837228516430196
5,1.1206141255070503
5,0.6975161969281347
5,0.7944597738788868
4,1.300278137249709
4,1.1955079811331832
2/3,1.2974625792782717
4,0.9748680188627652
4,0.5032251163257595
4,1.261118256713233
4,0.9587081676214826
2/3,1.3444685700913683
6a,1.242309596966806
6a,0.5951604041457954
4,1.229102002898704
4,1.384229449891099
5,1.0241701025824852
4,1.4308510218296218
2/3,0.8328863199243712
5,0.8247733178144154
2/3,1.53416178995591
2/3,0.9425885003936006
4,1.2968003409445423
4,1.2080282202427215
2/3,1.2981778894548583
MISSING,1.3704267319750456
5,0.7310135375981353
5,0.6529078291512229
5,0.7346251594077581
5,1.4787543135275862
5,1.420869828892876
5,1.0290563111837172
5,0.7880245616650752
MISSING,1.3684132275846308
MISSING,1.3919263876338606
5,0.8168056283014132
5,1.46584614016568
5,0.8064124266466384
4,1.2744112383757722
5,0.9814043663937227
5,1.4187713373123367
6a,1.192797864737304
4,0.9882284440459732
4,0.9618587936256666
2/3,1.03402982817407
5,1.1523116742368211
MISSING,1.423141154418425
5,1.1785237423596897
2/3,1.0219672653253085
2/3,1.048033473650661
4,1.249610605636775
4,1.6504457799034071
4,1.3187798583650536
2/3,0.9872789339072288
2/3,1.1814521393673645
4,1.0830755003213954
5,1.3285229555655205
4,1.2257494103841633
5,1.346699179980612
5,1.3021941954278544
4,1.2279572229568487
4,1.4876931733492766
5,1.1681194098575625
5,1.209247236900623
5,1.5158510883820675
4,0.8517210886839277
5,1.048645207707381
5,1.3942262094944953
5,1.205235160761826
5,0.9874846554825276
5,1.3105056575566794
5,1.182801833687186
4,1.4411672778392846
2/3,1.2586697581349235
4,1.27906225810424
4,1.264226198526711
4,1.1987140600175543
2/3,0.9909431597903804
6a,1.307956170474534
6a,1.246707738140605
4,1.3853251563035014
6a,0.977988543543838
4,1.3708843240972532
4,1.3910726176957835
4,1.3102117222115248
5,1.3793680395339811
5,1.2426296887618928
4,1.3026949206302354
6a,1.1159363936827695
6a,1.338219220197739
6a,1.326113454631816
4,1.4172786969049576
5,1.1029427436766104
5,1.373919722231577
5,1.2185681168451568
2/3,1.514532003887712
2/3,1.3394573580466802
2/3,1.3856253047996778
2/3,1.441910563009455
2/3,1.4850636171402982
4,1.1171603479405203
4,1.2258944453517615
5,1.4089280901734778
4,1.5633764372640655
2/3,1.365546511368382
4,1.0967940866019776
5,0.9106656908180392
5,1.333809335777781
5,0.9417385468919716
4,1.0129669054047616
2/3,1.3948151207722534
2/3,1.1651346820780706
4,0.805000636832166
4,0.5209108785979548
4,0.7350774624535941
5,1.198288376764845
5,1.1873234579572567
4,0.633605094266285
2/3,1.1332012362782302
5,0.7259258857004336
5,1.690292561395599
6a,0.9911248509293062
5,1.138550933464554
5,1.1095166598511943
MISSING,1.1674854260250902
MISSING,1.5277220093647106
MISSING,1.2773694858493263
4,0.6504067782897035
4,0.8982764386266202
4,0.8750019208749813
4,1.0587508352304509
4,1.352482311982981
4,1.379670067647615
5,0.9913394893147964
5,0.7402000194541027
4,1.0402882099340531
4,0.6906890229635669
5,0.8632998204820326
2/3,1.026590306634139
2/3,1.4005025093358483
2/3,0.9001815769925963
4,1.358666350056967
2/3,0.734779064815984
2/3,1.173479934861108
2/3,1.2011890080409675
2/3,1.0373089867105796
2/3,1.370656454637434
2/3,1.3332043507887132
2/3,1.096167209182441
2/3,0.9635207950369468
2/3,1.4150353854418194
2/3,1.4320309785882164
2/3,1.2700641150675005
4,1.1106535239981823
4,1.341436026657173
4,1.3076504703529797
4,1.48856393786561
4,1.045735009206417
MISSING,0.90846609377008
MISSING,1.3003142858581664
MISSING,1.0604265944262163
MISSING,0.9497163017323732
2/3,1.2102697060081289
2/3,0.6640319099566122
2/3,0.9384928725333942
2/3,1.0328135530763636
2/3,1.0347370631312416
2/3,0.9583833583849796
2/3,1.1497917785641056
2/3,0.9978128643202868
MISSING,1.2753856989180294
2/3,1.4776710171308032
MISSING,1.3757974457663218
MISSING,1.5025221926573704
2/3,1.1191431236675848
2/3,1.2886445746502322
MISSING,1.4102921448570616
2/3,1.0031612818481974
MISSING,1.394437186274622
2/3,1.2607737197677809
2/3,0.8472008967305817
MISSING,1.3729945461540485
MISSING,1.3918748653849111
MISSING,1.6469146110031112
MISSING,1.402239353361288
MISSING,1.412144515572971
MISSING,1.284813115628005
2/3,1.3237049357935553
2/3,1.1921623606803613
2/3,1.1791443990223722
2/3,1.1819093870269135
2/3,1.4357071212776062
2/3,1.196248605976928
2/3,1.813706621759661
2/3,1.351256522310253
4,1.208919144898214
2/3,1.1205412199697853
2/3,1.28144460448369
2/3,1.1058591868289644
4,1.2564154711519755
2/3,1.5007532513101711
4,0.7764628618445732
2/3,1.0823480992259824
MISSING,1.2600319808569684
MISSING,0.8162803774968627
MISSING,0.892147873440885
MISSING,1.099173849913183
MISSING,1.175484065367827
MISSING,0.7922402637540769
MISSING,0.9578403008000932
MISSING,1.5423974830490648
MISSING,1.3476956750779692
MISSING,0.7277051407279815
MISSING,1.4778068217829348
MISSING,1.4363944409504446
MISSING,1.3894824549780114
MISSING,1.1143417365370925
MISSING,1.0418038143496682
MISSING,1.1564921974333051
MISSING,1.241457100099418
MISSING,0.815840346603983
MISSING,1.3685661194430028
MISSING,0.8500540388375353
MISSING,1.1814806299814768
MISSING,0.7361928280770312
MISSING,0.9547134528513588
MISSING,0.9521429047191664
MISSING,0.8039651268608667
MISSING,1.036965742817689
MISSING,1.0857983257601984
MISSING,1.3212750255373005
MISSING,1.2896757158806187
MISSING,1.1246645014377734
MISSING,0.9532923345583808
MISSING,1.0004615148821745
MISSING,1.3347794315263832
MISSING,1.0179229491320487
MISSING,1.0291693386271494
MISSING,1.0910595601122983
MISSING,1.6273670364893202
4,1.5614048524480033
4,1.1726960261219623
MISSING,1.1058217794702747
MISSING,1.028737579970436
MISSING,1.2698965953529795
MISSING,1.2509642294429628
MISSING,0.9476608712256328
MISSING,1.1612045510089175
MISSING,1.461673992628102
MISSING,1.091081465501338
2/3,1.4067073925895623
2/3,1.3878517979180716
2/3,1.1778259091962795
MISSING,1.2803445586610538
MISSING,1.4777282823485194
MISSING,0.961232713416086
MISSING,1.402719770796487
2/3,1.3390990172009505
4,0.7135190389362237
4,1.4477839839096254
4,0.7200736531978212
MISSING,1.312170231349836
MISSING,1.2110470709239547
2/3,1.1070609540332583
4,1.0164125795327017
2/3,0.8989560469387583
4,0.8957430984465272
4,1.0691771829394
2/3,1.389578666623034
2/3,1.2903500966145562
MISSING,1.2595859967267171
MISSING,1.3320672341205912
MISSING,0.8743408937966384
MISSING,1.3996850177852571
2/3,0.8772727807477263
4,1.2925203471776248
2/3,0.8795909316153239
MISSING,1.618589946848406
MISSING,1.8423322470338344
MISSING,1.2454834381901307
MISSING,0.8696594378750799
MISSING,1.3981223444754245
MISSING,1.2486951003210875
MISSING,1.3400721551726449
MISSING,1.6373831274609916
MISSING,1.2772620708397953
MISSING,0.8667318838598057
MISSING,1.297429329310106
MISSING,1.2727378801577434
MISSING,1.3955552741167785
MISSING,1.3804313579841907
MISSING,1.2000187687991708
MISSING,1.5120449849006388
MISSING,1.1915158055725097
MISSING,1.3005682767380993
MISSING,1.4798650248723433
MISSING,1.9070683493435752
MISSING,1.5676351813387708
MISSING,1.013768282992831
MISSING,1.4391788748629322
MISSING,1.2941768262703537
2/3,1.220887185494106
2/3,1.3136320108926698
2/3,0.6410775717464102
MISSING,1.684701291274992
MISSING,1.3191266985036147
MISSING,1.2417441155978
MISSING,1.31355409229535
4,1.2213797584349035
2/3,1.052183135802811
2/3,0.967179791066738
MISSING,0.7161939217319903
MISSING,1.3291225197054408
MISSING,1.3638868238433544
MISSING,1.2587738770817185
MISSING,1.4751532357499926
MISSING,1.1589072939487397
MISSING,1.4110723053185237
MISSING,1.1758235068297906
MISSING,1.134232621980204
MISSING,0.8815125582651727
MISSING,1.0924947840822457
MISSING,0.9928801010978274
MISSING,1.3804781659403358
MISSING,1.2228528090950008
5,1.523152819229311
5,1.5367736004540915
5,1.3858209101733616
5,1.3506100046420018
5,1.3544241366702152
5,1.2193410328730283
5,1.48486694495596
MISSING,1.3368566401377897
MISSING,1.2901777124652758
MISSING,1.4026015265100464
MISSING,1.3309392401389293
MISSING,1.3626904501677055
MISSING,1.3296140067789473
MISSING,1.398238885320795
MISSING,1.2982089778589128
MISSING,1.3799173436236
2/3,0.9982963028133072
2/3,1.398454496137021
4,1.0866383920271674
2/3,1.2709282799782549
MISSING,1.3270903555977067
MISSING,1.3392863407345286
MISSING,1.2797039452162853
MISSING,1.2184050529853645
MISSING,1.2603584124594998
MISSING,1.1393827972524142
MISSING,1.3530556774208111
MISSING,1.3170563669509217
MISSING,1.3449342166573042
MISSING,1.0979165299361973
MISSING,1.3869474357787248
MISSING,1.4136613910906357
MISSING,1.410021806777877
MISSING,1.339570046854935
MISSING,1.2929301087219167
MISSING,1.163902795288261
MISSING,1.1287252021471357
MISSING,0.950002546292948
MISSING,1.3827952382944653
MISSING,1.0630895640732645
MISSING,1.3841475995475023
MISSING,1.3636070352501313
MISSING,1.2186952889396203
2/3,1.3658873536510483
2/3,1.1884112199334125
MISSING,1.3301979580448524
MISSING,1.176398545875487
MISSING,1.39812875813705
MISSING,1.1041580109339937
MISSING,1.2064997123891357
6a,1.2882570580297523
6a,1.1390531982885073
6a,1.210613672309591
6a,1.4232684992489013
6a,1.1663362230588614
6a,1.2658622861189204
5,0.899212817391428
MISSING,0.9198462248770052
5,1.1938435364652245
MISSING,1.451757442177924
MISSING,0.9528138933625532
5,0.8556584381293857
MISSING,1.24257479594985
6a,1.0419551418847015
MISSING,0.9631082815153136
5,1.0029764355827764
5,1.2787842454712346
5,0.9093602848743766
4,1.135553805657736
MISSING,1.5448320112071905
MISSING,1.1637959655449557
MISSING,0.8508838792921256
MISSING,1.2686911829533818
MISSING,1.4464455214139913
MISSING,1.4647815900845331
MISSING,1.4500719503781696
MISSING,1.8025053767575765
MISSING,1.4067006838017786
MISSING,1.3600807813208675
MISSING,1.3978254556662004
MISSING,1.3796524366181389
5,1.2643717501963594
4,1.0661073802572758
4,1.3793197954077725
MISSING,1.2584477016803826
MISSING,1.5812813132864405
4,0.8714256935382048
5,0.7623102441836241
2/3,1.4012916967120694
4,1.3783832032097578
5,1.2271074501164014
5,1.2890911570156225
5,1.444788352339808
2/3,1.1478668466422488
2/3,1.326999228781041
5,1.223178637319316
4,0.7861544279591013
5,1.2914846239041275
4,1.2290093981421153
5,1.3020235461896577
2/3,1.050545983329591
MISSING,1.283846715031355
MISSING,1.4760625694322231
MISSING,1.2211903069635868
MISSING,1.4406834495753331
MISSING,1.192849754169366
MISSING,0.9899195934765616
MISSING,0.863499713943527
MISSING,0.7824675978460374
MISSING,1.3135012338751393
MISSING,1.0996938197383286
MISSING,0.9911541040412885
MISSING,1.221299967484275
MISSING,0.8521274807395365
MISSING,0.8473173386680884
MISSING,1.449724741165226
MISSING,1.051293828509071
MISSING,1.3853779543644704
MISSING,1.137798912168474
MISSING,1.1774399613071114
MISSING,0.8826688040382951
2/3,1.3849387963974535
2/3,1.383043677049763
2/3,1.1838577651302575
2/3,1.1520523890767258
2/3,1.002706841204791
MISSING,1.3542175646800034
MISSING,0.8661858403785594
MISSING,1.3096853204199266
MISSING,1.2265229235042578
MISSING,1.0991176050748015
MISSING,0.7901042111472549
MISSING,1.0475065326164736
MISSING,1.345029491955291
MISSING,1.1789887805959205
MISSING,0.8382008995764674
MISSING,1.1219923489891697
MISSING,0.8063780696446082
MISSING,1.4535027035653985
4,1.1499701441854635
4,1.236435220396658
4,1.2469759141398222
4,1.3206821370490258
4,1.1652869126019183
4,1.1238552848712131
2/3,1.233158717148023
5,1.140034343392392
5,1.1528002501659973
5,1.4866657083851482
5,1.3324773756856612
5,1.360454179221768
4,1.3676207975494254
5,1.2400429842067429
5,1.0220986506207907
5,1.3058498566456165
5,1.2185220786589597
5,0.9084753542824676
5,0.7897173023898019
5,0.7295285928046392
5,0.9182457118393512
4,1.144818386771436
4,1.112226715233222
4,0.953578540898913
4,1.0059979653563154
4,1.0023871385848817
2/3,0.9904211958578428
2/3,0.9465961339892244
2/3,1.06293994635644
2/3,1.084911721682419
2/3,1.1343650971899013
5,1.1052257601182438
4,0.9181382052176592
5,0.8759519829516269
5,0.8516061143782934
5,1.0434282005073736
2/3,1.2669437356095443
4,1.1299823352214036
2/3,1.0494132442688842
5,1.320660319061432
5,0.8072222065154209
5,1.4201230275733088
5,1.4126751109968056
2/3,1.120146757273108
2/3,1.0665708346764773
2/3,1.1808290257831169
2/3,0.8624486253932151
2/3,0.6846134990026711
2/3,0.9806932248468632
4,0.8193879379816432
4,1.093826239811488
2/3,1.1226509655204355
2/3,0.9927192749153368
MISSING,1.154144469342821
MISSING,0.8319027354296207
4,1.028997519345668
4,0.7606489386192777
4,1.0644385177516842
2/3,1.2936907051002315
2/3,1.2883575253652635
2/3,1.1122744692014552
2/3,1.105031302255416
2/3,0.907689485840602
4,1.3042619036228484
4,1.1309423804231076
4,0.9990796214770734
4,0.8972292745506657
2/3,1.0757895252267664
4,1.4100938697633625
2/3,0.7671107469456068
2/3,0.8863192627203336
2/3,1.059057903915435
2/3,0.9803215687516972
2/3,1.2305776495805285
2/3,1.353445089631945
4,1.1181462129446216
4,1.314078367505179
4,1.1538946320634629
2/3,0.6591549341711143
2/3,1.735861763924341
2/3,0.7099553229291753
2/3,1.437482540276707
2/3,1.2804993372972948
MISSING,0.8747277502669581
MISSING,1.055236814698971
MISSING,0.939965887498591
MISSING,1.0523136986979154
2/3,0.9665879448717756
4,0.8262610441817756
4,1.7025706479310012
2/3,1.501143196608158
2/3,1.465503395559785
2/3,0.8598482163434987
MISSING,1.303125921764391
MISSING,0.8093466339149054
MISSING,1.4185975622340254
MISSING,0.4607396506414672
4,1.4267813824210696
4,0.8855578906100439
2/3,1.171885835994103
2/3,0.8636365039005163
2/3,0.976283837355416
2/3,0.8810979413235029
4,1.2755984564138143
4,0.9552170240551848
4,0.9630941635744836
4,1.2827593717257308
2/3,0.7572823558774342
4,0.6377838714796046
4,0.8206550108101941
MISSING,1.059642447894071
MISSING,1.629266375308802
2/3,0.863906044519253
4,0.9894106287678766
4,0.8220064835311598
4,1.4699990011724395
4,0.9047374469977152
4,1.2308473572623682
4,0.7284457776056782
MISSING,0.9341279309960292
MISSING,0.8885774779961091
2/3,0.9738536709832252
4,1.4587586765467035
4,1.4115102579935064
2/3,0.9797237949795778
4,0.9865639435790896
4,1.3490365775045448
4,1.0312057299407886
2/3,1.3984920958376803
MISSING,1.247768505540915
MISSING,0.800853226463426
4,0.448774374867895
4,1.275916556881059
2/3,0.9104695091145408
MISSING,0.8127719097772403
MISSING,0.8731517997967642
2/3,1.025067530279815
2/3,1.4407855947148809
4,1.534688802565877
