grouping,group,baseline,n_tasks,mean_delta,bootstrap95_low,bootstrap95_high,median_delta,positive_fraction,wilcoxon_greater_p,wilcoxon_two_sided_p,wilcoxon_greater_fdr_bh
pooled,all_225_core_tasks,spectral,225,0.08758200728231007,0.07109255217119224,0.10385215442317226,0.06793267279863349,0.7777777777777778,3.436074421108582e-20,6.872148842217164e-20,5.0255289388763006e-20
pooled,all_225_core_tasks,feedback_hub,225,0.08365377956173486,0.06795446647315596,0.09934289477455119,0.07367989420890808,0.7822222222222223,2.1566715090701636e-20,4.313343018140327e-20,4.313343018140327e-20
pooled,all_225_core_tasks,high_degree,225,0.08546196700798141,0.0694025998181767,0.10129855940791052,0.07367989420890808,0.7822222222222223,4.187940782396917e-20,8.375881564793834e-20,5.0255289388763006e-20
pooled,all_225_core_tasks,module_bridge,225,0.08382671799510717,0.06803561098180298,0.10016967533352887,0.07367989420890808,0.7777777777777778,2.6537223646003646e-19,5.307444729200729e-19,2.6537223646003646e-19
pooled,all_225_core_tasks,cycle_proxy,225,0.09490957965867387,0.07913052333311901,0.11105041584765746,0.0790588259696961,0.8222222222222222,5.11416144400665e-23,1.02283228880133e-22,1.534248433201995e-22
pooled,all_225_core_tasks,random,225,0.1973812558824688,0.18109363159596495,0.21355241703746206,0.17893443210050464,0.9733333333333334,9.173946474126053e-39,1.8347892948252106e-38,5.504367884475632e-38
phase,er_patch,spectral,27,0.02592148259282112,-0.005926824967307912,0.055469480737250415,0.0473230741918087,0.7037037037037037,0.02455095201730728,0.04910190403461456,0.02455095201730728
phase,er_patch,feedback_hub,27,0.05433337957839722,0.03132241200914398,0.07787535855399996,0.046696186065673884,0.8148148148148148,3.1657516956329346e-05,6.331503391265869e-05,6.331503391265869e-05
phase,er_patch,high_degree,27,0.05843341226379078,0.03161692725735958,0.08491157794336752,0.05889123305678359,0.8518518518518519,0.00015044957399368286,0.0003008991479873657,0.00018053948879241942
phase,er_patch,module_bridge,27,0.05792623271958696,0.030424294053335445,0.08396060522559481,0.0555688897147774,0.8518518518518519,0.00015044957399368286,0.0003008991479873657,0.00018053948879241942
phase,er_patch,cycle_proxy,27,0.06676329979328094,0.04501855037933973,0.08935523684722958,0.06250736862421041,0.8888888888888888,1.5422701835632324e-06,3.084540367126465e-06,4.626810550689697e-06
phase,er_patch,random,27,0.08748142661082696,0.06324098060628143,0.11199133784555468,0.06491138003184466,0.9629629629629629,1.4901161193847656e-08,2.9802322387695312e-08,8.940696716308594e-08
phase,stage4b_replication,spectral,72,0.05316909164604214,0.028266576204138503,0.07946778292146821,0.04330627620220189,0.6944444444444444,0.0001498689540588833,0.0002997379081177666,0.0002997379081177666
phase,stage4b_replication,feedback_hub,72,0.04414625887552069,0.018025916096262848,0.06987919450168394,0.04407771676778795,0.6805555555555556,0.0005237165359472786,0.001047433071894557,0.0007855748039209178
phase,stage4b_replication,high_degree,72,0.04080815346808069,0.014783296357038341,0.06798810088463748,0.0448420196771622,0.6805555555555556,0.0016088384300670404,0.0032176768601340808,0.0016088384300670404
phase,stage4b_replication,module_bridge,72,0.04080815346808069,0.014611649701449406,0.06724281189833871,0.0448420196771622,0.6805555555555556,0.0016088384300670404,0.0032176768601340808,0.0016088384300670404
phase,stage4b_replication,cycle_proxy,72,0.05344703565869066,0.024654787840942546,0.08271433966777597,0.04915860295295721,0.75,6.711941776080722e-05,0.00013423883552161444,0.00020135825328242168
phase,stage4b_replication,random,72,0.23422757084052945,0.20386644014366134,0.26390169207197683,0.24018618563422933,0.9861111111111112,9.022041375271973e-14,1.8044082750543946e-13,5.413224825163184e-13
phase,stage4c_atlas_extension,spectral,36,0.05799804772767757,0.018064441945817744,0.09908261637772538,0.018712222576141344,0.6111111111111112,0.012954820309016485,0.02590964061803297,0.015545784370819781
phase,stage4c_atlas_extension,feedback_hub,36,0.039880025407506375,0.0022230485480071844,0.07771785832527613,0.0393258519470692,0.6666666666666666,0.020441940403543413,0.040883880807086825,0.020441940403543413
phase,stage4c_atlas_extension,high_degree,36,0.049086247674292996,0.013219200317851383,0.08619279977865518,0.05024968832731254,0.6388888888888888,0.006042731329216622,0.012085462658433244,0.009064096993824933
phase,stage4c_atlas_extension,module_bridge,36,0.049086247674292996,0.012575649087213807,0.08691111605407464,0.05024968832731254,0.6388888888888888,0.006042731329216622,0.012085462658433244,0.009064096993824933
phase,stage4c_atlas_extension,cycle_proxy,36,0.06334348338552648,0.027906349059453033,0.09979436229914426,0.039096828550100306,0.6666666666666666,0.0023014047466294396,0.004602809493258879,0.006904214239888319
phase,stage4c_atlas_extension,random,36,0.24479307817051044,0.2066482510363029,0.2840694574938728,0.24496923005062857,0.9722222222222222,2.9103830456733704e-11,5.820766091346741e-11,1.7462298274040222e-10
phase,stage4d_scaling,spectral,36,0.1472152974456549,0.10941709196195008,0.1862930574816548,0.1254836283624172,0.9444444444444444,1.6007106751203537e-09,3.2014213502407074e-09,4.802132025361061e-09
phase,stage4d_scaling,feedback_hub,36,0.132689803166108,0.09220290824046565,0.17586735395145497,0.0975119424983859,0.8611111111111112,2.158049028366804e-08,4.316098056733608e-08,4.316098056733608e-08
phase,stage4d_scaling,high_degree,36,0.1341142574221724,0.09253413978601908,0.17765767294137427,0.0975119424983859,0.8333333333333334,6.271875463426113e-08,1.2543750926852226e-07,7.526250556111336e-08
phase,stage4d_scaling,module_bridge,36,0.1341142574221724,0.09243169017524148,0.1764650032001858,0.0975119424983859,0.8333333333333334,6.271875463426113e-08,1.2543750926852226e-07,7.526250556111336e-08
phase,stage4d_scaling,cycle_proxy,36,0.118510443975942,0.07326250006315402,0.16432797449201136,0.09261499345302579,0.8333333333333334,3.3283577067777514e-06,6.656715413555503e-06,3.3283577067777514e-06
phase,stage4d_scaling,random,36,0.2148807338679843,0.17081665850605027,0.25979685497329935,0.20076776148926,0.9444444444444444,7.275957614183426e-11,1.4551915228366852e-10,4.3655745685100555e-10
phase,stage4e_topology,spectral,54,0.14426327006960357,0.11270101898418809,0.17549048762906477,0.14067943766713145,0.9259259259259259,2.448379351901437e-09,4.896758703802874e-09,2.9380552222817243e-09
phase,stage4e_topology,feedback_hub,54,0.14748249416825948,0.11930988182279247,0.17515342555836672,0.12692239135503772,0.9259259259259259,3.4313584208272947e-10,6.862716841654589e-10,5.738363388799476e-10
phase,stage4e_topology,high_degree,54,0.15033028171294266,0.12211532374602502,0.1792926256769095,0.13912635669112206,0.9444444444444444,3.825575592532984e-10,7.651151185065968e-10,5.738363388799476e-10
phase,stage4e_topology,module_bridge,54,0.14377033393140193,0.11212834432652151,0.17566635039876455,0.1332843042910099,0.9259259259259259,4.770012543331353e-09,9.540025086662706e-09,4.770012543331353e-09
phase,stage4e_topology,cycle_proxy,54,0.16957626622860078,0.14317177612403476,0.19726293449962717,0.1693932637572289,0.9814814814814815,9.621978792002426e-11,1.9243957584004852e-10,2.886593637600728e-10
phase,stage4e_topology,random,54,0.1599285503918374,0.13752016368000314,0.18298965399441874,0.14314877183642238,0.9814814814814815,8.599231363937801e-11,1.7198462727875601e-10,2.886593637600728e-10
evidence_stratum,scale_free_N256_replication_atlas,spectral,108,0.05477874367325394,0.033123650000844565,0.07685863908759696,0.04079136252403259,0.6666666666666666,7.813322313238764e-06,1.562664462647753e-05,1.562664462647753e-05
evidence_stratum,scale_free_N256_replication_atlas,feedback_hub,108,0.042724181052849246,0.021436749805730813,0.06403224442059312,0.04407771676778795,0.6759259259259259,6.595789155115504e-05,0.00013191578310231008,6.595789155115504e-05
evidence_stratum,scale_free_N256_replication_atlas,high_degree,108,0.0435675182034848,0.022107537634481034,0.06548929073097598,0.04515738785266882,0.6666666666666666,5.83674118348263e-05,0.0001167348236696526,6.595789155115504e-05
evidence_stratum,scale_free_N256_replication_atlas,module_bridge,108,0.0435675182034848,0.022233861556742344,0.06533436315410114,0.04515738785266882,0.6666666666666666,5.83674118348263e-05,0.0001167348236696526,6.595789155115504e-05
evidence_stratum,scale_free_N256_replication_atlas,cycle_proxy,108,0.05674585156763593,0.033733023425426195,0.07995971897401398,0.04510465264320376,0.7222222222222222,1.0894910091885845e-06,2.178982018377169e-06,3.2684730275657534e-06
evidence_stratum,scale_free_N256_replication_atlas,random,108,0.2377494066171898,0.21394819625894781,0.26216604064877713,0.24178517932887192,0.9814814814814815,1.0745248743228092e-19,2.1490497486456183e-19,6.447149245936855e-19
evidence_stratum,ER_N256_repair,spectral,27,0.02592148259282112,-0.005926824967307912,0.055469480737250415,0.0473230741918087,0.7037037037037037,0.02455095201730728,0.04910190403461456,0.02455095201730728
evidence_stratum,ER_N256_repair,feedback_hub,27,0.05433337957839722,0.03132241200914398,0.07787535855399996,0.046696186065673884,0.8148148148148148,3.1657516956329346e-05,6.331503391265869e-05,6.331503391265869e-05
evidence_stratum,ER_N256_repair,high_degree,27,0.05843341226379078,0.03161692725735958,0.08491157794336752,0.05889123305678359,0.8518518518518519,0.00015044957399368286,0.0003008991479873657,0.00018053948879241942
evidence_stratum,ER_N256_repair,module_bridge,27,0.05792623271958696,0.030424294053335445,0.08396060522559481,0.0555688897147774,0.8518518518518519,0.00015044957399368286,0.0003008991479873657,0.00018053948879241942
evidence_stratum,ER_N256_repair,cycle_proxy,27,0.06676329979328094,0.04501855037933973,0.08935523684722958,0.06250736862421041,0.8888888888888888,1.5422701835632324e-06,3.084540367126465e-06,4.626810550689697e-06
evidence_stratum,ER_N256_repair,random,27,0.08748142661082696,0.06324098060628143,0.11199133784555468,0.06491138003184466,0.9629629629629629,1.4901161193847656e-08,2.9802322387695312e-08,8.940696716308594e-08
evidence_stratum,modular_N256,spectral,27,0.12888243063180538,0.08011492901240236,0.17617647507469408,0.13961411267519,0.9259259259259259,9.395182132720947e-06,1.8790364265441895e-05,1.1274218559265137e-05
evidence_stratum,modular_N256,feedback_hub,27,0.12273271450841869,0.08511708345678116,0.16168429553853692,0.12146589905023569,0.8518518518518519,3.330409526824951e-06,6.660819053649902e-06,4.995614290237427e-06
evidence_stratum,modular_N256,high_degree,27,0.12005463946196769,0.07998396179259377,0.16222740255848128,0.1242452636361122,0.8888888888888888,3.330409526824951e-06,6.660819053649902e-06,4.995614290237427e-06
evidence_stratum,modular_N256,module_bridge,27,0.11259402996963927,0.06480547771961602,0.15867888485253964,0.1184377148747445,0.8518518518518519,9.217113256454468e-05,0.00018434226512908936,9.217113256454468e-05
evidence_stratum,modular_N256,cycle_proxy,27,0.14952743908873312,0.1116653958870167,0.18784906595979853,0.16863070428371432,0.9629629629629629,3.725290298461914e-08,7.450580596923828e-08,1.1175870895385742e-07
evidence_stratum,modular_N256,random,27,0.13952908055270435,0.1107469073592155,0.1696293345861098,0.14125491701997817,0.9629629629629629,1.4901161193847656e-08,2.9802322387695312e-08,8.940696716308594e-08
evidence_stratum,small_world_N256,spectral,27,0.15964410950740182,0.11959596541882665,0.20092917362021073,0.1417447626590729,0.9259259259259259,1.043081283569336e-07,2.086162567138672e-07,1.043081283569336e-07
evidence_stratum,small_world_N256,feedback_hub,27,0.17223227382810027,0.13463979072316928,0.21120550994657805,0.1317340433597565,1.0,7.450580596923828e-09,1.4901161193847656e-08,8.940696716308593e-09
evidence_stratum,small_world_N256,high_degree,27,0.18060592396391761,0.14390947591789344,0.2178356574365386,0.1750425100326539,1.0,7.450580596923828e-09,1.4901161193847656e-08,8.940696716308593e-09
evidence_stratum,small_world_N256,module_bridge,27,0.17494663789316459,0.13593860025069227,0.21358649336077548,0.1403872668743134,1.0,7.450580596923828e-09,1.4901161193847656e-08,8.940696716308593e-09
evidence_stratum,small_world_N256,cycle_proxy,27,0.18962509336846847,0.1546865529070298,0.22595215628475504,0.1701558232307435,1.0,7.450580596923828e-09,1.4901161193847656e-08,8.940696716308593e-09
evidence_stratum,small_world_N256,random,27,0.18032802023097044,0.14890011970042166,0.2127396845171461,0.19815213256515568,1.0,7.450580596923828e-09,1.4901161193847656e-08,8.940696716308593e-09
evidence_stratum,scale_free_scaling_N128_N512,spectral,36,0.1472152974456549,0.10941709196195008,0.1862930574816548,0.1254836283624172,0.9444444444444444,1.6007106751203537e-09,3.2014213502407074e-09,4.802132025361061e-09
evidence_stratum,scale_free_scaling_N128_N512,feedback_hub,36,0.132689803166108,0.09220290824046565,0.17586735395145497,0.0975119424983859,0.8611111111111112,2.158049028366804e-08,4.316098056733608e-08,4.316098056733608e-08
evidence_stratum,scale_free_scaling_N128_N512,high_degree,36,0.1341142574221724,0.09253413978601908,0.17765767294137427,0.0975119424983859,0.8333333333333334,6.271875463426113e-08,1.2543750926852226e-07,7.526250556111336e-08
evidence_stratum,scale_free_scaling_N128_N512,module_bridge,36,0.1341142574221724,0.09243169017524148,0.1764650032001858,0.0975119424983859,0.8333333333333334,6.271875463426113e-08,1.2543750926852226e-07,7.526250556111336e-08
evidence_stratum,scale_free_scaling_N128_N512,cycle_proxy,36,0.118510443975942,0.07326250006315402,0.16432797449201136,0.09261499345302579,0.8333333333333334,3.3283577067777514e-06,6.656715413555503e-06,3.3283577067777514e-06
evidence_stratum,scale_free_scaling_N128_N512,random,36,0.2148807338679843,0.17081665850605027,0.25979685497329935,0.20076776148926,0.9444444444444444,7.275957614183426e-11,1.4551915228366852e-10,4.3655745685100555e-10
