epsilon,n,spearman_vs_eps_0p02,exact_agreement_vs_eps_0p02,weighted_kappa_vs_eps_0p02,mean_creq,count_cost0,count_cost1,count_cost2,count_cost3
0.0,400,0.6061499005701751,0.545,0.49626865671641796,2.0,38,107,72,183
0.005,400,0.7330596153259948,0.6625,0.6683955445965479,1.755,51,122,101,126
0.01,400,0.8490056994938371,0.7825,0.8223939949063939,1.5525,72,135,93,100
0.015,400,0.9193618016470484,0.8825,0.9120288915640338,1.42,86,142,90,82
0.02,400,1.0,1.0,1.0,1.28,105,144,85,66
0.025,400,0.9301662170667477,0.9125,0.9247499757257986,1.17,116,154,76,54
0.03,400,0.8719679852272589,0.855,0.8612868684902171,1.09,128,156,68,48
0.04,400,0.7864997266332279,0.76,0.753682567554385,0.955,151,152,61,36
0.05,400,0.6944916115101679,0.6675,0.6053689925598229,0.805,167,165,47,21
